date,modal_price,min_price,max_price,markets_reporting,varieties_reporting,rows_reporting,tavg,tmin,tmax,prcp,wdir,wspd,pres,msp_applicable,msp_value_per_quintal,govt_procurement_active,pmfby_insurance_active,state_scheme_active,harvest_season_active,price_impact_direction
2022-01-03,2500.0,2050.0,2500.0,4,1,4,25.0,20.4,29.6,0.0,73.0,8.6,1015.2,0,0.0,0,1,1,0,Neutral
2022-01-04,2333.33,1733.33,2333.33,3,1,3,23.9,20.0,30.1,0.0,74.0,10.1,1015.2,0,0.0,0,1,1,0,Neutral
2022-01-05,2400.0,2050.0,2400.0,4,1,4,24.3,18.4,29.2,0.0,46.0,5.3,1015.4,0,0.0,0,1,1,0,Neutral
2022-01-06,2433.33,2033.33,2433.33,3,1,3,24.2,20.0,29.8,0.0,77.0,8.1,1014.5,0,0.0,0,1,1,0,Neutral
2022-01-07,2275.0,1775.0,2275.0,4,1,4,25.2,22.0,30.0,0.0,55.0,8.4,1014.4,0,0.0,0,1,1,0,Neutral
2022-01-10,2360.0,1840.0,2360.0,5,1,5,25.3,21.0,30.4,0.0,53.0,7.6,1013.8,0,0.0,0,1,1,0,Neutral
2022-01-11,2480.0,2040.0,2480.0,5,1,5,25.8,22.0,31.0,0.0,46.0,4.2,1013.6,0,0.0,0,1,1,0,Neutral
2022-01-12,2425.0,2025.0,2425.0,4,1,4,26.5,23.0,33.0,0.0,71.0,5.4,1012.9,0,0.0,0,1,1,0,Neutral
2022-01-13,2366.67,1966.67,2366.67,3,1,3,26.2,20.6,33.0,0.0,219.0,6.6,1012.3,0,0.0,0,1,1,0,Neutral
2022-01-14,2400.0,1900.0,2400.0,4,1,4,26.2,20.2,33.2,0.0,304.0,5.8,1012.3,0,0.0,0,1,1,0,Neutral
2022-01-17,2425.0,1925.0,2425.0,4,1,4,25.8,22.0,31.0,0.0,66.0,11.8,1015.8,0,0.0,0,1,1,0,Neutral
2022-01-18,2533.33,2266.67,2533.33,3,1,3,25.2,19.6,31.0,0.4,48.0,9.3,1015.4,0,0.0,0,1,1,0,Neutral
2022-01-19,2460.0,1940.0,2460.0,5,1,5,25.0,21.0,31.0,0.0,50.0,8.2,1014.1,0,0.0,0,1,1,0,Neutral
2022-01-20,2433.33,1966.67,2433.33,3,1,3,25.7,20.6,32.0,0.0,61.0,5.8,1012.5,0,0.0,0,1,1,0,Neutral
2022-01-21,2375.0,2075.0,2375.0,4,1,4,26.1,19.5,32.6,0.0,32.0,8.2,1012.6,0,0.0,0,1,1,0,Neutral
2022-01-24,2425.0,1975.0,2425.0,4,1,4,25.2,19.0,32.6,0.0,218.0,8.4,1010.3,0,0.0,0,1,1,0,Neutral
2022-01-25,2400.0,2040.0,2400.0,5,1,5,25.2,18.4,32.6,0.0,208.0,8.9,1010.4,0,0.0,0,1,1,0,Neutral
2022-01-26,2433.33,1966.67,2433.33,3,1,3,25.2,20.0,31.0,0.0,97.0,6.7,1011.2,0,0.0,0,1,1,0,Neutral
2022-01-27,2480.0,2160.0,2480.0,5,1,5,25.8,20.4,31.8,0.0,76.0,9.2,1011.2,0,0.0,0,1,1,0,Neutral
2022-01-28,2425.0,1925.0,2425.0,4,1,4,25.2,21.8,30.6,1.7,60.0,14.5,1012.9,0,0.0,0,1,1,0,Neutral
2022-01-31,2500.0,2060.0,2500.0,5,1,5,26.8,23.0,32.0,0.1,48.0,7.0,1012.3,0,0.0,0,1,1,0,Neutral
2022-02-01,2525.0,2125.0,2525.0,4,1,4,26.5,21.7,33.1,0.1,74.0,9.4,1011.9,0,0.0,0,1,1,1,Upward
2022-02-02,2450.0,2200.0,2450.0,4,1,4,26.8,20.4,32.0,0.0,65.0,8.0,1012.5,0,0.0,0,1,1,1,Upward
2022-02-03,2433.33,2166.67,2433.33,3,1,3,26.6,21.0,33.0,0.0,84.0,7.5,1012.5,0,0.0,0,1,1,1,Upward
2022-02-04,2575.0,2275.0,2575.0,4,1,4,26.0,19.4,33.5,0.0,228.0,9.1,1010.8,0,0.0,0,1,1,1,Upward
2022-02-07,2566.67,2033.33,2566.67,3,1,3,27.0,22.0,32.8,0.1,81.0,9.2,1014.3,0,0.0,0,1,1,1,Upward
2022-02-08,2450.0,2100.0,2450.0,4,1,4,26.1,22.0,33.0,0.0,65.0,6.3,1013.4,0,0.0,0,1,1,1,Upward
2022-02-09,2625.0,2225.0,2625.0,4,1,4,26.2,20.0,32.0,0.0,65.0,9.6,1013.1,0,0.0,0,1,1,1,Upward
2022-02-10,2600.0,2200.0,2600.0,3,1,3,25.3,19.6,32.0,0.0,66.0,9.0,1012.8,0,0.0,0,1,1,1,Upward
2022-02-11,2566.67,2166.67,2566.67,3,1,3,26.3,20.0,31.4,0.0,61.0,11.7,1012.3,0,0.0,0,1,1,1,Upward
2022-02-14,2550.0,2350.0,2550.0,4,1,4,25.9,20.4,31.6,0.0,48.0,9.4,1011.3,0,0.0,0,1,1,1,Upward
2022-02-15,2650.0,2350.0,2650.0,4,1,4,26.2,22.0,32.0,0.0,76.0,10.3,1011.5,0,0.0,0,1,1,1,Upward
2022-02-16,2500.0,2000.0,2500.0,4,1,4,26.7,20.4,35.7,0.0,65.0,8.4,1009.6,0,0.0,0,1,1,1,Upward
2022-02-17,2550.0,2000.0,2550.0,4,1,4,27.0,20.2,32.6,0.2,64.0,9.8,1008.6,0,0.0,0,1,1,1,Upward
2022-02-18,2600.0,2333.33,2600.0,3,1,3,26.3,20.0,32.9,0.0,72.0,10.1,1010.4,0,0.0,0,1,1,1,Upward
2022-02-21,2525.0,2075.0,2525.0,4,1,4,28.3,23.0,34.8,0.0,278.0,6.4,1010.4,0,0.0,0,1,1,1,Upward
2022-02-22,2600.0,2266.67,2600.0,3,1,3,28.1,22.7,35.0,0.0,108.0,8.1,1011.7,0,0.0,0,1,1,1,Upward
2022-02-23,2600.0,2400.0,2600.0,3,1,3,27.6,21.7,34.7,0.0,69.0,12.9,1014.4,0,0.0,0,1,1,1,Upward
2022-02-24,2566.67,2166.67,2566.67,3,1,3,26.9,20.0,33.7,0.0,72.0,9.9,1015.9,0,0.0,0,1,1,1,Upward
2022-02-25,2620.0,2380.0,2620.0,5,1,5,26.9,22.0,33.0,0.0,62.0,10.6,1014.6,0,0.0,0,1,1,1,Upward
2022-02-28,2600.0,2200.0,2600.0,3,1,3,27.1,21.4,33.2,0.0,69.0,9.9,1014.0,0,0.0,0,1,1,1,Upward
2022-03-01,2700.0,2433.33,2700.0,3,1,3,28.0,22.0,34.0,0.0,59.0,10.9,1013.8,0,0.0,0,1,1,1,Upward
2022-03-02,2800.0,2450.0,2800.0,4,1,4,26.9,18.2,34.2,0.0,54.0,9.4,1013.5,0,0.0,0,1,1,1,Upward
2022-03-03,2620.0,2300.0,2620.0,5,1,5,26.6,19.0,34.0,0.0,48.0,10.7,1013.0,0,0.0,0,1,1,1,Upward
2022-03-04,2725.0,2225.0,2725.0,4,1,4,27.6,20.0,35.0,0.0,48.0,9.7,1012.5,0,0.0,0,1,1,1,Upward
2022-03-07,2840.0,2320.0,2840.0,5,1,5,25.3,20.8,33.7,0.5,49.0,11.5,1012.7,0,0.0,0,1,1,1,Upward
2022-03-08,2600.0,2250.0,2600.0,4,1,4,28.2,22.6,32.6,0.0,69.0,10.5,1012.2,0,0.0,0,1,1,1,Upward
2022-03-09,2700.0,2300.0,2700.0,4,1,4,29.0,23.0,35.0,0.0,65.0,9.1,1011.5,0,0.0,0,1,1,1,Upward
2022-03-10,2533.33,2200.0,2533.33,3,1,3,28.1,20.4,35.6,0.0,74.0,7.6,1011.3,0,0.0,0,1,1,1,Upward
2022-03-11,2650.0,2200.0,2650.0,4,1,4,28.5,21.3,35.9,0.0,62.0,7.2,1010.7,0,0.0,0,1,1,1,Upward
2022-03-14,2666.67,2200.0,2666.67,3,1,3,29.4,21.8,36.0,0.0,53.0,9.8,1011.1,0,0.0,0,1,1,1,Upward
2022-03-15,2700.0,2260.0,2700.0,5,1,5,29.0,22.0,36.0,0.0,47.0,7.5,1010.2,0,0.0,0,1,1,1,Upward
2022-03-16,2625.0,2225.0,2625.0,4,1,4,29.3,24.8,36.0,0.0,198.0,9.5,1009.0,0,0.0,0,1,1,1,Upward
2022-03-17,2666.67,2200.0,2666.67,3,1,3,29.7,25.0,38.0,0.0,189.0,11.3,1008.3,0,0.0,0,1,1,1,Upward
2022-03-18,2700.0,2340.0,2700.0,5,1,5,29.1,24.2,38.2,0.0,209.0,10.3,1008.2,0,0.0,0,1,1,1,Upward
2022-03-21,2720.0,2400.0,2720.0,5,1,5,28.8,23.0,36.0,0.0,198.0,14.0,1008.4,0,0.0,0,1,1,1,Upward
2022-03-22,2666.67,2200.0,2666.67,3,1,3,28.6,23.8,36.2,5.1,206.0,7.4,1009.0,0,0.0,0,1,1,1,Upward
2022-03-23,2666.67,2266.67,2666.67,3,1,3,27.5,23.8,35.0,0.5,208.0,9.5,1008.4,0,0.0,0,1,1,1,Upward
2022-03-24,2720.0,2320.0,2720.0,5,1,5,28.2,23.0,36.2,0.0,197.0,8.5,1008.7,0,0.0,0,1,1,1,Upward
2022-03-25,2700.0,2100.0,2700.0,4,1,4,27.5,24.0,35.2,0.2,204.0,8.1,1009.9,0,0.0,0,1,1,1,Upward
2022-03-28,2625.0,2275.0,2625.0,4,1,4,29.5,25.0,36.0,0.0,156.0,6.9,1011.3,0,0.0,0,1,1,1,Upward
2022-03-29,2780.0,2420.0,2780.0,5,1,5,29.7,24.2,36.0,0.3,213.0,9.8,1010.3,0,0.0,0,1,1,1,Upward
2022-03-30,2733.33,2333.33,2733.33,3,1,3,29.9,25.1,36.0,0.0,207.0,11.2,1009.9,0,0.0,0,1,1,1,Upward
2022-03-31,2666.67,2333.33,2666.67,3,1,3,29.6,24.8,36.4,0.0,211.0,10.4,1010.0,0,0.0,0,1,1,1,Upward
2022-04-01,2740.0,2420.0,2740.0,5,1,5,29.6,25.2,36.2,0.0,205.0,10.9,1010.3,0,0.0,0,1,1,1,Upward
2022-04-04,2600.0,2100.0,2600.0,4,1,4,30.0,24.0,36.3,0.0,111.0,8.3,1011.1,0,0.0,0,1,1,1,Upward
2022-04-05,2700.0,2366.67,2700.0,3,1,3,29.8,26.0,36.7,0.0,87.0,10.2,1013.0,0,0.0,0,1,1,1,Upward
2022-04-06,2633.33,2166.67,2633.33,3,1,3,29.2,24.6,36.0,0.3,164.0,8.9,1013.1,0,0.0,0,1,1,1,Upward
2022-04-07,2880.0,2520.0,2880.0,5,1,5,29.5,23.6,36.2,0.0,100.0,8.1,1011.5,0,0.0,0,1,1,1,Upward
2022-04-08,2633.33,2166.67,2633.33,3,1,3,28.4,24.9,36.9,8.3,121.0,10.0,1010.9,0,0.0,0,1,1,1,Upward
2022-04-11,2725.0,2175.0,2725.0,4,1,4,27.4,24.0,34.0,0.0,197.0,8.1,1009.0,0,0.0,0,1,1,1,Upward
2022-04-12,2733.33,2333.33,2733.33,3,1,3,25.9,23.4,34.0,0.5,351.0,5.0,1008.6,0,0.0,0,1,1,1,Upward
2022-04-13,2800.0,2400.0,2800.0,3,1,3,26.1,23.2,32.2,16.0,23.0,6.3,1008.2,0,0.0,0,1,1,1,Upward
2022-04-14,2800.0,2450.0,2800.0,4,1,4,26.9,24.0,32.8,22.1,345.0,6.2,1008.9,0,0.0,0,1,1,1,Upward
2022-04-15,2766.67,2433.33,2766.67,3,1,3,27.8,22.4,35.8,2.0,206.0,8.5,1008.7,0,0.0,0,1,1,1,Upward
2022-04-18,2633.33,2300.0,2633.33,3,1,3,27.9,21.6,35.7,6.2,216.0,9.9,1010.3,0,0.0,0,1,1,1,Upward
2022-04-19,2800.0,2466.67,2800.0,3,1,3,28.2,23.4,34.4,0.0,208.0,10.1,1011.0,0,0.0,0,1,1,1,Upward
2022-04-20,2750.0,2300.0,2750.0,4,1,4,30.0,25.0,35.4,0.0,171.0,8.1,1009.1,0,0.0,0,1,1,1,Upward
2022-04-21,2850.0,2400.0,2850.0,4,1,4,30.2,26.0,36.0,0.2,79.0,7.9,1008.2,0,0.0,0,1,1,1,Upward
2022-04-22,2825.0,2525.0,2825.0,4,1,4,29.7,25.6,35.7,1.3,108.0,8.5,1009.3,0,0.0,0,1,1,1,Upward
2022-04-25,2800.0,2333.33,2800.0,3,1,3,29.6,24.4,35.4,0.0,163.0,6.8,1008.5,0,0.0,0,1,1,1,Upward
2022-04-26,2740.0,2300.0,2740.0,5,1,5,30.6,25.2,36.6,0.0,167.0,8.1,1008.6,0,0.0,0,1,1,1,Upward
2022-04-27,2725.0,2325.0,2725.0,4,1,4,30.7,25.4,36.6,0.0,118.0,7.7,1008.2,0,0.0,0,1,1,1,Upward
2022-04-28,2740.0,2380.0,2740.0,5,1,5,30.6,25.6,36.8,0.0,223.0,8.9,1009.3,0,0.0,0,1,1,1,Upward
2022-04-29,2866.67,2466.67,2866.67,3,1,3,30.2,26.0,36.8,0.0,206.0,13.5,1009.3,0,0.0,0,1,1,1,Upward
2022-05-02,2600.0,2100.0,2600.0,4,1,4,28.8,23.0,35.2,0.5,215.0,13.5,1007.2,0,0.0,0,1,1,1,Upward
2022-05-03,2780.0,2420.0,2780.0,5,1,5,29.0,24.2,36.2,0.0,202.0,13.1,1007.9,0,0.0,0,1,1,1,Upward
2022-05-04,2766.67,2300.0,2766.67,3,1,3,28.6,22.6,36.2,4.1,208.0,10.4,1008.9,0,0.0,0,1,1,1,Upward
2022-05-05,2675.0,2175.0,2675.0,4,1,4,28.0,21.6,35.5,2.0,208.0,9.9,1008.5,0,0.0,0,1,1,1,Upward
2022-05-06,2900.0,2366.67,2900.0,3,1,3,28.7,25.0,34.6,0.0,216.0,11.1,1007.8,0,0.0,0,1,1,1,Upward
2022-05-09,2575.0,2225.0,2575.0,4,1,4,27.6,22.6,33.8,0.8,211.0,17.2,1004.6,0,0.0,0,1,1,1,Upward
2022-05-10,2820.0,2380.0,2820.0,5,1,5,26.0,24.6,31.9,0.0,215.0,16.0,1005.2,0,0.0,0,1,1,1,Upward
2022-05-11,2750.0,2200.0,2750.0,4,1,4,24.3,22.4,29.1,1.0,209.0,19.9,1005.5,0,0.0,0,1,1,1,Upward
2022-05-12,2766.67,2366.67,2766.67,3,1,3,25.4,22.1,30.4,0.0,203.0,16.7,1007.0,0,0.0,0,1,1,1,Upward
2022-05-13,2750.0,2400.0,2750.0,4,1,4,26.3,22.1,31.8,0.4,203.0,15.1,1006.5,0,0.0,0,1,1,1,Upward
2022-05-16,2833.33,2366.67,2833.33,3,1,3,26.6,23.2,32.1,4.1,214.0,14.1,1007.0,0,0.0,0,1,1,1,Upward
2022-05-17,2775.0,2475.0,2775.0,4,1,4,26.9,23.6,32.9,0.0,226.0,8.8,1005.3,0,0.0,0,1,1,1,Upward
2022-05-18,2725.0,2275.0,2725.0,4,1,4,24.9,23.6,32.9,4.1,219.0,15.0,1005.6,0,0.0,0,1,1,1,Upward
2022-05-19,2825.0,2425.0,2825.0,4,1,4,24.2,20.6,28.9,1.0,204.0,19.2,1007.9,0,0.0,0,1,1,1,Upward
2022-05-20,2800.0,2450.0,2800.0,4,1,4,27.0,23.0,32.0,0.8,215.0,19.3,1008.8,0,0.0,0,1,1,1,Upward
2022-05-23,2900.0,2433.33,2900.0,3,1,3,27.6,22.4,33.4,0.0,202.0,17.2,1006.3,0,0.0,0,1,1,1,Upward
2022-05-24,2740.0,2380.0,2740.0,5,1,5,28.4,24.4,35.6,0.0,213.0,14.6,1008.2,0,0.0,0,1,1,1,Upward
2022-05-25,2680.0,2240.0,2680.0,5,1,5,29.2,24.4,35.8,0.0,206.0,13.0,1009.1,0,0.0,0,1,1,1,Upward
2022-05-26,2866.67,2466.67,2866.67,3,1,3,27.8,24.0,35.8,0.0,209.0,13.9,1009.6,0,0.0,0,1,1,1,Upward
2022-05-27,2850.0,2450.0,2850.0,4,1,4,27.4,23.6,34.7,0.0,202.0,14.7,1009.5,0,0.0,0,1,1,1,Upward
2022-05-30,2700.0,2300.0,2700.0,4,1,4,28.3,23.4,34.7,0.0,223.0,14.0,1007.8,0,0.0,0,1,1,1,Upward
2022-05-31,2775.0,2425.0,2775.0,4,1,4,27.8,24.0,34.2,2.1,212.0,16.7,1007.4,0,0.0,0,1,1,1,Upward
2022-06-01,2625.0,2225.0,2625.0,4,1,4,27.9,23.0,34.0,0.9,213.0,15.8,1007.4,0,0.0,0,1,1,0,Neutral
2022-06-02,2600.0,2120.0,2600.0,5,1,5,28.1,23.5,34.5,0.1,217.0,15.9,1007.2,0,0.0,0,1,1,0,Neutral
2022-06-03,2600.0,2150.0,2600.0,4,1,4,28.3,23.4,35.0,0.0,213.0,16.2,1007.0,0,0.0,0,1,1,0,Neutral
2022-06-06,2500.0,2033.33,2500.0,3,1,3,28.7,24.6,35.2,0.0,227.0,12.2,1007.2,0,0.0,0,1,1,0,Neutral
2022-06-07,2550.0,2350.0,2550.0,4,1,4,27.2,25.2,34.0,0.0,217.0,16.0,1008.2,0,0.0,0,1,1,0,Neutral
2022-06-08,2500.0,2150.0,2500.0,4,1,4,28.1,23.0,34.0,0.0,207.0,17.6,1007.8,0,0.0,0,1,1,0,Neutral
2022-06-09,2580.0,2180.0,2580.0,5,1,5,28.6,23.5,35.1,1.0,211.0,17.1,1007.4,0,0.0,0,1,1,0,Neutral
2022-06-10,2550.0,2300.0,2550.0,4,1,4,28.2,24.2,35.1,0.0,215.0,19.1,1008.0,0,0.0,0,1,1,0,Neutral
2022-06-13,2620.0,2180.0,2620.0,5,1,5,28.0,22.2,34.8,0.3,201.0,15.3,1009.3,0,0.0,0,1,1,0,Neutral
2022-06-14,2625.0,2275.0,2625.0,4,1,4,27.8,22.6,34.8,2.8,206.0,13.8,1008.8,0,0.0,0,1,1,0,Neutral
2022-06-15,2525.0,2125.0,2525.0,4,1,4,26.7,23.6,34.2,0.5,225.0,13.0,1008.4,0,0.0,0,1,1,0,Neutral
2022-06-16,2500.0,2150.0,2500.0,4,1,4,27.3,23.4,34.3,0.0,213.0,14.4,1008.0,0,0.0,0,1,1,0,Neutral
2022-06-17,2575.0,2125.0,2575.0,4,1,4,26.9,22.6,34.3,0.0,201.0,11.7,1007.7,0,0.0,0,1,1,0,Neutral
2022-06-20,2480.0,2200.0,2480.0,5,1,5,27.4,23.2,33.8,0.6,209.0,14.6,1007.7,0,0.0,0,1,1,0,Neutral
2022-06-21,2600.0,2200.0,2600.0,3,1,3,26.3,22.6,33.6,0.3,216.0,18.7,1007.0,0,0.0,0,1,1,0,Neutral
2022-06-22,2640.0,2320.0,2640.0,5,1,5,26.6,22.6,31.3,0.8,217.0,18.9,1008.0,0,0.0,0,1,1,0,Neutral
2022-06-23,2466.67,1933.33,2466.67,3,1,3,27.0,22.6,32.6,1.2,216.0,19.9,1008.8,0,0.0,0,1,1,0,Neutral
2022-06-24,2525.0,2025.0,2525.0,4,1,4,27.5,23.2,33.2,0.1,218.0,19.1,1008.2,0,0.0,0,1,1,0,Neutral
2022-06-27,2666.67,2200.0,2666.67,3,1,3,27.2,24.0,34.0,0.0,226.0,21.3,1008.4,0,0.0,0,1,1,0,Neutral
2022-06-28,2575.0,2175.0,2575.0,4,1,4,26.3,22.5,32.7,0.0,211.0,16.1,1008.3,0,0.0,0,1,1,0,Neutral
2022-06-29,2533.33,2000.0,2533.33,3,1,3,26.3,22.7,32.1,0.0,214.0,18.4,1007.1,0,0.0,0,1,1,0,Neutral
2022-06-30,2466.67,2066.67,2466.67,3,1,3,24.6,22.6,32.1,0.0,215.0,17.3,1007.1,0,0.0,0,1,1,0,Neutral
2022-07-01,2500.0,2060.0,2500.0,5,1,5,25.7,21.6,31.3,42.9,216.0,19.6,1006.9,0,0.0,0,1,1,0,Neutral
2022-07-04,2380.0,2100.0,2380.0,5,1,5,25.6,21.8,32.7,1.0,221.0,18.9,1006.8,0,0.0,0,1,1,0,Neutral
2022-07-05,2425.0,1975.0,2425.0,4,1,4,25.3,22.3,30.6,1.0,225.0,20.4,1006.0,0,0.0,0,1,1,0,Neutral
2022-07-06,2400.0,2066.67,2400.0,3,1,3,24.5,22.4,29.2,1.0,216.0,19.1,1007.5,0,0.0,0,1,1,0,Neutral
2022-07-07,2500.0,2140.0,2500.0,5,1,5,23.6,22.0,28.6,2.0,215.0,17.3,1010.0,0,0.0,0,1,1,0,Neutral
2022-07-08,2380.0,1900.0,2380.0,5,1,5,25.6,21.6,31.3,4.1,215.0,19.2,1008.4,0,0.0,0,1,1,0,Neutral
2022-07-11,2500.0,2100.0,2500.0,3,1,3,25.1,22.3,30.7,2.0,222.0,20.4,1009.7,0,0.0,0,1,1,0,Neutral
2022-07-12,2433.33,2100.0,2433.33,3,1,3,26.3,23.0,30.5,0.5,226.0,21.8,1009.1,0,0.0,0,1,1,0,Neutral
2022-07-13,2375.0,2075.0,2375.0,4,1,4,26.1,22.4,30.5,2.0,233.0,24.5,1007.0,0,0.0,0,1,1,0,Neutral
2022-07-14,2400.0,2066.67,2400.0,3,1,3,25.8,22.4,30.4,0.5,232.0,23.4,1005.8,0,0.0,0,1,1,0,Neutral
2022-07-15,2333.33,1866.67,2333.33,3,1,3,25.2,21.4,30.1,2.0,227.0,21.4,1006.8,0,0.0,0,1,1,0,Neutral
2022-07-18,2375.0,2125.0,2375.0,4,1,4,24.7,22.6,31.2,0.0,211.0,13.2,1009.1,0,0.0,0,1,1,0,Neutral
2022-07-19,2600.0,2200.0,2600.0,5,1,5,25.9,22.0,31.2,2.0,215.0,14.9,1008.7,0,0.0,0,1,1,0,Neutral
2022-07-20,2400.0,1933.33,2400.0,3,1,3,26.2,23.5,31.4,0.0,206.0,14.1,1008.5,0,0.0,0,1,1,0,Neutral
2022-07-21,2480.0,2120.0,2480.0,5,1,5,26.7,23.2,33.0,0.2,213.0,14.2,1008.1,0,0.0,0,1,1,0,Neutral
2022-07-22,2580.0,2140.0,2580.0,5,1,5,25.6,23.7,33.0,5.1,214.0,11.7,1009.0,0,0.0,0,1,1,0,Neutral
2022-07-25,2525.0,2075.0,2525.0,4,1,4,26.8,23.0,32.8,0.1,209.0,13.4,1008.9,0,0.0,0,1,1,0,Neutral
2022-07-26,2466.67,2000.0,2466.67,3,1,3,25.8,23.6,32.8,0.6,210.0,11.8,1009.7,0,0.0,0,1,1,0,Neutral
2022-07-27,2460.0,2060.0,2460.0,5,1,5,26.6,22.8,33.4,6.5,215.0,9.3,1009.2,0,0.0,0,1,1,0,Neutral
2022-07-28,2600.0,2200.0,2600.0,3,1,3,27.8,22.6,34.8,1.4,175.0,9.7,1009.1,0,0.0,0,1,1,0,Neutral
2022-07-29,2500.0,2150.0,2500.0,4,1,4,27.9,22.8,34.8,0.8,77.0,9.0,1008.7,0,0.0,0,1,1,0,Neutral
2022-08-01,2400.0,2050.0,2400.0,4,1,4,26.4,23.0,33.1,4.1,213.0,13.0,1006.2,0,0.0,0,1,1,0,Neutral
2022-08-02,2450.0,2100.0,2450.0,4,1,4,24.5,22.0,32.8,0.0,209.0,17.7,1005.4,0,0.0,0,1,1,0,Neutral
2022-08-03,2450.0,2050.0,2450.0,4,1,4,24.7,22.2,28.8,24.9,213.0,15.4,1005.3,0,0.0,0,1,1,0,Neutral
2022-08-04,2500.0,2020.0,2500.0,5,1,5,23.6,22.6,28.4,41.0,217.0,16.0,1006.1,0,0.0,0,1,1,0,Neutral
2022-08-05,2525.0,2225.0,2525.0,4,1,4,24.5,22.0,28.4,2.9,230.0,20.2,1007.3,0,0.0,0,1,1,0,Neutral
2022-08-08,2450.0,2150.0,2450.0,4,1,4,26.3,23.2,30.5,1.0,230.0,25.2,1005.4,0,0.0,0,1,1,0,Neutral
2022-08-09,2320.0,1960.0,2320.0,5,1,5,26.3,22.6,30.5,0.5,235.0,25.3,1006.0,0,0.0,0,1,1,0,Neutral
2022-08-10,2360.0,1960.0,2360.0,5,1,5,27.4,23.0,31.0,0.0,235.0,28.0,1006.2,0,0.0,0,1,1,0,Neutral
2022-08-11,2475.0,2025.0,2475.0,4,1,4,26.9,23.4,31.4,0.0,232.0,22.0,1007.1,0,0.0,0,1,1,0,Neutral
2022-08-12,2420.0,2140.0,2420.0,5,1,5,27.0,23.0,32.2,0.0,220.0,19.7,1008.3,0,0.0,0,1,1,0,Neutral
2022-08-15,2633.33,2433.33,2633.33,3,1,3,26.9,22.6,32.6,0.0,209.0,10.6,1010.0,0,0.0,0,1,1,0,Neutral
2022-08-16,2540.0,2140.0,2540.0,5,1,5,27.8,23.1,34.6,0.0,211.0,12.3,1009.0,0,0.0,0,1,1,0,Neutral
2022-08-17,2440.0,2000.0,2440.0,5,1,5,27.2,23.5,34.6,0.0,201.0,13.9,1009.4,0,0.0,0,1,1,0,Neutral
2022-08-18,2500.0,2000.0,2500.0,4,1,4,26.7,23.6,33.2,0.3,212.0,13.8,1008.9,0,0.0,0,1,1,0,Neutral
2022-08-19,2400.0,1933.33,2400.0,3,1,3,26.6,23.6,33.3,0.0,218.0,16.7,1009.2,0,0.0,0,1,1,0,Neutral
2022-08-22,2433.33,2166.67,2433.33,3,1,3,25.3,22.8,33.0,0.2,223.0,19.3,1008.9,0,0.0,0,1,1,0,Neutral
2022-08-23,2460.0,2100.0,2460.0,5,1,5,25.6,22.0,31.8,1.2,215.0,17.6,1008.8,0,0.0,0,1,1,0,Neutral
2022-08-24,2525.0,2175.0,2525.0,4,1,4,24.5,22.6,31.2,9.8,212.0,14.6,1010.5,0,0.0,0,1,1,0,Neutral
2022-08-25,2325.0,1875.0,2325.0,4,1,4,25.0,22.0,32.5,8.4,203.0,11.0,1009.3,0,0.0,0,1,1,0,Neutral
2022-08-26,2433.33,2033.33,2433.33,3,1,3,26.0,22.0,33.0,7.9,215.0,11.5,1008.1,0,0.0,0,1,1,0,Neutral
2022-08-29,2500.0,2060.0,2500.0,5,1,5,26.3,23.2,32.0,4.1,215.0,7.3,1008.3,0,0.0,0,1,1,0,Neutral
2022-08-30,2533.33,2333.33,2533.33,3,1,3,26.9,23.2,32.8,8.9,192.0,7.8,1008.3,0,0.0,0,1,1,0,Neutral
2022-08-31,2360.0,1920.0,2360.0,5,1,5,26.1,22.9,32.2,3.0,58.0,7.8,1008.1,0,0.0,0,1,1,0,Neutral
2022-09-01,2566.67,2100.0,2566.67,3,1,3,25.1,23.0,30.0,0.0,228.0,6.8,1008.3,0,0.0,0,1,1,1,Upward
2022-09-02,2600.0,2240.0,2600.0,5,1,5,26.5,22.2,32.4,14.0,181.0,7.8,1008.9,0,0.0,0,1,1,1,Upward
2022-09-05,2450.0,2000.0,2450.0,4,1,4,27.5,23.1,33.6,3.0,238.0,10.3,1007.9,0,0.0,0,1,1,1,Upward
2022-09-06,2550.0,2350.0,2550.0,4,1,4,25.6,24.0,33.5,0.0,211.0,15.3,1007.8,0,0.0,0,1,1,1,Upward
2022-09-07,2650.0,2400.0,2650.0,4,1,4,25.3,22.8,29.6,0.9,218.0,18.3,1008.6,0,0.0,0,1,1,1,Upward
2022-09-08,2600.0,2150.0,2600.0,4,1,4,25.3,21.8,31.0,3.0,214.0,19.2,1008.3,0,0.0,0,1,1,1,Upward
2022-09-09,2500.0,2100.0,2500.0,3,1,3,25.2,22.6,31.0,0.0,218.0,22.1,1008.1,0,0.0,0,1,1,1,Upward
2022-09-12,2466.67,2200.0,2466.67,3,1,3,26.1,23.0,30.4,0.0,220.0,21.8,1007.8,0,0.0,0,1,1,1,Upward
2022-09-13,2550.0,2050.0,2550.0,4,1,4,26.3,22.4,31.6,0.1,217.0,19.7,1009.8,0,0.0,0,1,1,1,Upward
2022-09-14,2633.33,2300.0,2633.33,3,1,3,26.4,22.6,31.6,0.2,211.0,16.2,1011.7,0,0.0,0,1,1,1,Upward
2022-09-15,2480.0,2000.0,2480.0,5,1,5,26.4,22.6,32.4,0.0,211.0,16.4,1012.3,0,0.0,0,1,1,1,Upward
2022-09-16,2600.0,2350.0,2600.0,4,1,4,26.6,22.5,32.4,0.3,210.0,14.4,1010.4,0,0.0,0,1,1,1,Upward
2022-09-19,2650.0,2200.0,2650.0,4,1,4,27.0,22.7,33.2,3.0,214.0,14.8,1010.3,0,0.0,0,1,1,1,Upward
2022-09-20,2550.0,2150.0,2550.0,4,1,4,26.0,22.8,33.2,0.0,208.0,13.2,1010.3,0,0.0,0,1,1,1,Upward
2022-09-21,2500.0,2100.0,2500.0,3,1,3,26.9,22.7,32.6,0.1,214.0,16.2,1009.8,0,0.0,0,1,1,1,Upward
2022-09-22,2525.0,2275.0,2525.0,4,1,4,26.7,22.4,33.5,0.0,217.0,17.8,1010.3,0,0.0,0,1,1,1,Upward
2022-09-23,2700.0,2400.0,2700.0,4,1,4,26.7,22.0,33.0,0.0,212.0,17.7,1011.0,0,0.0,0,1,1,1,Upward
2022-09-26,2460.0,2060.0,2460.0,5,1,5,26.4,23.4,33.4,0.0,216.0,12.0,1010.0,0,0.0,0,1,1,1,Upward
2022-09-27,2533.33,2333.33,2533.33,3,1,3,26.4,23.0,31.4,0.0,207.0,14.6,1009.1,0,0.0,0,1,1,1,Upward
2022-09-28,2550.0,2150.0,2550.0,4,1,4,26.6,23.0,32.6,0.0,209.0,16.0,1008.2,0,0.0,0,1,1,1,Upward
2022-09-29,2500.0,2033.33,2500.0,3,1,3,26.7,21.6,33.0,0.0,210.0,15.4,1008.3,0,0.0,0,1,1,1,Upward
2022-09-30,2700.0,2433.33,2700.0,3,1,3,26.7,22.4,32.0,0.0,220.0,16.5,1009.1,0,0.0,0,1,1,1,Upward
2022-10-03,2675.0,2375.0,2675.0,4,1,4,26.1,22.2,32.5,0.0,214.0,13.9,1008.9,0,0.0,0,1,1,1,Upward
2022-10-04,2675.0,2125.0,2675.0,4,1,4,26.0,22.7,32.2,2.0,201.0,14.9,1008.4,0,0.0,0,1,1,1,Upward
2022-10-05,2600.0,2133.33,2600.0,3,1,3,26.1,23.2,31.2,3.0,209.0,13.6,1008.4,0,0.0,0,1,1,1,Upward
2022-10-06,2700.0,2200.0,2700.0,4,1,4,25.7,24.0,30.0,0.0,212.0,17.2,1008.2,0,0.0,0,1,1,1,Upward
2022-10-07,2675.0,2275.0,2675.0,4,1,4,26.2,22.8,32.0,0.0,213.0,15.3,1009.1,0,0.0,0,1,1,1,Upward
2022-10-10,2660.0,2300.0,2660.0,5,1,5,25.3,21.8,30.0,24.9,197.0,7.5,1010.9,0,0.0,0,1,1,1,Upward
2022-10-11,2666.67,2400.0,2666.67,3,1,3,25.3,22.0,31.0,0.5,40.0,7.0,1010.8,0,0.0,0,1,1,1,Upward
2022-10-12,2550.0,2050.0,2550.0,4,1,4,26.6,21.2,32.0,0.0,208.0,9.1,1010.7,0,0.0,0,1,1,1,Upward
2022-10-13,2600.0,2200.0,2600.0,5,1,5,26.9,22.4,32.7,30.7,195.0,7.9,1010.3,0,0.0,0,1,1,1,Upward
2022-10-14,2660.0,2220.0,2660.0,5,1,5,26.4,22.8,32.0,1.0,215.0,11.8,1009.9,0,0.0,0,1,1,1,Upward
2022-10-17,2700.0,2350.0,2700.0,4,1,4,26.4,23.8,30.2,0.0,42.0,6.4,1012.6,0,0.0,0,1,1,1,Upward
2022-10-18,2700.0,2233.33,2700.0,3,1,3,26.3,22.4,32.0,0.3,234.0,11.1,1012.4,0,0.0,0,1,1,1,Upward
2022-10-19,2700.0,2250.0,2700.0,4,1,4,26.8,22.2,33.0,0.0,221.0,10.0,1011.6,0,0.0,0,1,1,1,Upward
2022-10-20,2625.0,2175.0,2625.0,4,1,4,26.6,23.0,33.0,0.0,215.0,8.3,1011.7,0,0.0,0,1,1,1,Upward
2022-10-21,2675.0,2225.0,2675.0,4,1,4,25.5,21.4,31.8,25.9,29.0,6.6,1013.6,0,0.0,0,1,1,1,Upward
2022-10-24,2700.0,2300.0,2700.0,4,1,4,26.6,23.2,32.8,0.1,203.0,8.9,1011.2,0,0.0,0,1,1,1,Upward
2022-10-25,2633.33,2300.0,2633.33,3,1,3,26.1,23.0,31.0,0.0,209.0,6.6,1011.8,0,0.0,0,1,1,1,Upward
2022-10-26,2725.0,2375.0,2725.0,4,1,4,25.9,21.0,32.0,0.0,31.0,6.1,1012.8,0,0.0,0,1,1,1,Upward
2022-10-27,2780.0,2420.0,2780.0,5,1,5,26.0,22.0,32.1,0.0,35.0,4.6,1012.8,0,0.0,0,1,1,1,Upward
2022-10-28,2725.0,2425.0,2725.0,4,1,4,26.6,20.1,31.6,0.9,52.0,6.7,1011.5,0,0.0,0,1,1,1,Upward
2022-10-31,2600.0,2150.0,2600.0,4,1,4,26.6,23.6,31.2,0.0,49.0,6.4,1011.2,0,0.0,0,1,1,1,Upward
2022-11-01,2800.0,2333.33,2800.0,3,1,3,26.3,24.0,31.6,0.8,204.0,4.5,1012.2,0,0.0,0,1,1,1,Upward
2022-11-02,2750.0,2350.0,2750.0,4,1,4,25.0,22.0,31.6,0.0,26.0,7.0,1011.7,0,0.0,0,1,1,1,Upward
2022-11-03,2833.33,2500.0,2833.33,3,1,3,25.5,21.6,31.2,10.9,45.0,7.7,1011.6,0,0.0,0,1,1,1,Upward
2022-11-04,2750.0,2400.0,2750.0,4,1,4,24.8,22.2,29.2,2.0,28.0,7.8,1013.0,0,0.0,0,1,1,1,Upward
2022-11-07,2775.0,2325.0,2775.0,4,1,4,26.2,21.4,31.0,2.0,54.0,6.5,1014.0,0,0.0,0,1,1,1,Upward
2022-11-08,2760.0,2360.0,2760.0,5,1,5,26.6,22.1,31.6,0.0,59.0,8.3,1013.3,0,0.0,0,1,1,1,Upward
2022-11-09,2700.0,2300.0,2700.0,5,1,5,26.5,22.6,31.0,0.4,56.0,8.5,1013.0,0,0.0,0,1,1,1,Upward
2022-11-10,2780.0,2380.0,2780.0,5,1,5,26.4,22.6,31.2,0.0,51.0,8.5,1012.4,0,0.0,0,1,1,1,Upward
2022-11-11,2725.0,2425.0,2725.0,4,1,4,21.9,21.0,31.1,2.0,55.0,5.6,1012.8,0,0.0,0,1,1,1,Upward
2022-11-14,2680.0,2200.0,2680.0,5,1,5,25.3,21.8,29.0,0.0,35.0,7.5,1013.6,0,0.0,0,1,1,1,Upward
2022-11-15,2800.0,2266.67,2800.0,3,1,3,25.6,21.2,30.0,0.3,41.0,5.3,1014.0,0,0.0,0,1,1,1,Upward
2022-11-16,2780.0,2460.0,2780.0,5,1,5,25.9,22.6,30.4,0.0,50.0,5.0,1012.6,0,0.0,0,1,1,1,Upward
2022-11-17,2700.0,2260.0,2700.0,5,1,5,25.6,22.4,30.8,0.1,59.0,5.5,1012.0,0,0.0,0,1,1,1,Upward
2022-11-18,2675.0,2375.0,2675.0,4,1,4,24.0,20.6,30.8,0.0,54.0,6.7,1012.3,0,0.0,0,1,1,1,Upward
2022-11-21,2733.33,2400.0,2733.33,3,1,3,25.0,19.8,31.2,0.0,210.0,5.6,1010.7,0,0.0,0,1,1,1,Upward
2022-11-22,2860.0,2460.0,2860.0,5,1,5,25.2,20.2,31.3,0.0,211.0,6.4,1010.7,0,0.0,0,1,1,1,Upward
2022-11-23,2766.67,2433.33,2766.67,3,1,3,25.6,20.9,31.0,0.0,213.0,10.6,1011.2,0,0.0,0,1,1,1,Upward
2022-11-24,2820.0,2300.0,2820.0,5,1,5,27.0,21.9,31.3,0.0,166.0,7.1,1011.5,0,0.0,0,1,1,1,Upward
2022-11-25,2850.0,2400.0,2850.0,4,1,4,25.9,21.8,31.6,0.8,39.0,7.3,1012.9,0,0.0,0,1,1,1,Upward
2022-11-28,2825.0,2425.0,2825.0,4,1,4,25.9,22.2,30.5,2.5,32.0,7.8,1010.9,0,0.0,0,1,1,1,Upward
2022-11-29,2766.67,2366.67,2766.67,3,1,3,25.1,23.0,30.5,16.6,67.0,6.0,1011.9,0,0.0,0,1,1,1,Upward
2022-11-30,2725.0,2275.0,2725.0,4,1,4,23.9,22.0,28.2,0.0,72.0,6.9,1012.6,0,0.0,0,1,1,1,Upward
2022-12-01,2850.0,2650.0,2850.0,4,1,4,25.3,19.0,29.0,0.1,40.0,6.5,1012.3,0,0.0,0,1,1,0,Neutral
2022-12-02,2700.0,2200.0,2700.0,4,1,4,26.7,23.2,30.4,0.3,45.0,6.7,1011.4,0,0.0,0,1,1,0,Neutral
2022-12-05,2966.67,2566.67,2966.67,3,1,3,24.6,21.1,30.0,9.9,38.0,5.8,1013.5,0,0.0,0,1,1,0,Neutral
2022-12-06,2766.67,2300.0,2766.67,3,1,3,25.0,22.0,29.6,0.0,51.0,5.5,1012.4,0,0.0,0,1,1,0,Neutral
2022-12-07,2775.0,2375.0,2775.0,4,1,4,24.4,20.4,29.0,0.0,50.0,5.1,1011.7,0,0.0,0,1,1,0,Neutral
2022-12-08,2760.0,2360.0,2760.0,5,1,5,24.7,19.0,30.0,0.0,253.0,4.7,1010.4,0,0.0,0,1,1,0,Neutral
2022-12-09,2780.0,2380.0,2780.0,5,1,5,21.5,20.6,30.0,10.8,196.0,7.3,1008.9,0,0.0,0,1,1,0,Neutral
2022-12-12,2880.0,2640.0,2880.0,5,1,5,24.0,21.6,28.6,0.3,206.0,9.9,1010.0,0,0.0,0,1,1,0,Neutral
2022-12-13,2900.0,2433.33,2900.0,3,1,3,24.7,20.5,29.0,4.1,62.0,6.4,1011.8,0,0.0,0,1,1,0,Neutral
2022-12-14,2825.0,2275.0,2825.0,4,1,4,24.0,21.8,30.0,7.1,45.0,7.3,1013.1,0,0.0,0,1,1,0,Neutral
2022-12-15,2733.33,2400.0,2733.33,3,1,3,25.0,22.0,30.0,0.0,55.0,9.7,1012.3,0,0.0,0,1,1,0,Neutral
2022-12-16,2820.0,2380.0,2820.0,5,1,5,25.2,18.0,31.0,0.0,68.0,8.1,1011.8,0,0.0,0,1,1,0,Neutral
2022-12-19,2860.0,2500.0,2860.0,5,1,5,25.0,20.2,29.5,0.7,62.0,10.6,1010.9,0,0.0,0,1,1,0,Neutral
2022-12-20,2840.0,2400.0,2840.0,5,1,5,25.3,20.6,30.0,0.4,58.0,9.8,1010.3,0,0.0,0,1,1,0,Neutral
2022-12-21,2920.0,2520.0,2920.0,5,1,5,25.1,21.0,30.0,0.0,47.0,8.6,1010.9,0,0.0,0,1,1,0,Neutral
2022-12-22,2766.67,2433.33,2766.67,3,1,3,24.5,18.0,30.6,0.0,30.0,7.4,1011.1,0,0.0,0,1,1,0,Neutral
2022-12-23,2900.0,2500.0,2900.0,4,1,4,24.9,18.0,32.0,0.0,42.0,6.4,1010.6,0,0.0,0,1,1,0,Neutral
2022-12-26,2750.0,2350.0,2750.0,4,1,4,24.2,22.5,30.7,3.6,24.0,8.9,1013.4,0,0.0,0,1,1,0,Neutral
2022-12-27,2800.0,2400.0,2800.0,5,1,5,24.8,22.0,28.0,1.9,34.0,11.5,1015.0,0,0.0,0,1,1,0,Neutral
2022-12-28,2725.0,2275.0,2725.0,4,1,4,25.7,22.0,30.0,3.0,72.0,9.7,1016.1,0,0.0,0,1,1,0,Neutral
2022-12-29,2750.0,2250.0,2750.0,4,1,4,25.9,20.6,31.0,0.0,55.0,9.0,1017.2,0,0.0,0,1,1,0,Neutral
2022-12-30,2880.0,2400.0,2880.0,5,1,5,25.0,21.6,31.4,0.0,68.0,8.2,1018.2,0,0.0,0,1,1,0,Neutral
2023-01-02,2900.0,2433.33,2900.0,3,1,3,24.7,20.0,31.7,0.0,59.0,8.6,1016.6,0,0.0,0,1,1,0,Neutral
2023-01-03,2833.33,2300.0,2833.33,3,1,3,24.7,19.5,30.0,0.0,55.0,10.0,1016.5,0,0.0,0,1,1,0,Neutral
2023-01-04,2750.0,2300.0,2750.0,4,1,4,24.8,19.5,29.6,0.4,57.0,9.3,1015.4,0,0.0,0,1,1,0,Neutral
2023-01-05,2820.0,2380.0,2820.0,5,1,5,24.9,20.0,30.0,0.0,59.0,10.4,1016.0,0,0.0,0,1,1,0,Neutral
2023-01-06,2825.0,2325.0,2825.0,4,1,4,25.1,18.8,30.0,0.0,57.0,9.9,1017.1,0,0.0,0,1,1,0,Neutral
2023-01-09,2766.67,2300.0,2766.67,3,1,3,24.4,21.0,30.3,0.0,71.0,9.4,1016.1,0,0.0,0,1,1,0,Neutral
2023-01-10,2775.0,2275.0,2775.0,4,1,4,23.1,17.0,30.2,0.0,66.0,8.7,1016.2,0,0.0,0,1,1,0,Neutral
2023-01-11,2800.0,2240.0,2800.0,5,1,5,23.4,18.0,31.0,0.0,59.0,7.8,1014.3,0,0.0,0,1,1,0,Neutral
2023-01-12,2800.0,2466.67,2800.0,3,1,3,23.7,17.6,31.4,0.0,53.0,7.1,1013.5,0,0.0,0,1,1,0,Neutral
2023-01-13,2966.67,2366.67,2966.67,3,1,3,23.9,18.0,31.5,0.0,32.0,7.2,1013.8,0,0.0,0,1,1,0,Neutral
2023-01-16,2800.0,2360.0,2800.0,5,1,5,24.3,17.4,31.2,0.0,55.0,7.4,1013.3,0,0.0,0,1,1,0,Neutral
2023-01-17,2820.0,2420.0,2820.0,5,1,5,23.9,19.8,32.0,0.0,48.0,7.8,1014.1,0,0.0,0,1,1,0,Neutral
2023-01-18,2775.0,2425.0,2775.0,4,1,4,23.8,17.6,30.3,0.0,62.0,9.9,1015.4,0,0.0,0,1,1,0,Neutral
2023-01-19,2800.0,2333.33,2800.0,3,1,3,23.7,18.6,30.2,0.0,50.0,10.0,1015.7,0,0.0,0,1,1,0,Neutral
2023-01-20,2833.33,2233.33,2833.33,3,1,3,24.1,16.8,30.8,0.0,68.0,9.9,1015.1,0,0.0,0,1,1,0,Neutral
2023-01-23,2833.33,2366.67,2833.33,3,1,3,26.4,22.0,32.0,0.3,69.0,11.2,1012.2,0,0.0,0,1,1,0,Neutral
2023-01-24,2750.0,2350.0,2750.0,4,1,4,25.7,23.0,32.5,0.0,82.0,10.6,1012.7,0,0.0,0,1,1,0,Neutral
2023-01-25,2800.0,2400.0,2800.0,3,1,3,24.1,21.6,29.9,0.0,77.0,8.8,1013.0,0,0.0,0,1,1,0,Neutral
2023-01-26,2866.67,2400.0,2866.67,3,1,3,24.4,19.6,31.0,0.0,58.0,9.1,1013.0,0,0.0,0,1,1,0,Neutral
2023-01-27,2900.0,2633.33,2900.0,3,1,3,24.4,19.0,31.0,0.0,67.0,7.5,1013.0,0,0.0,0,1,1,0,Neutral
2023-01-30,2800.0,2400.0,2800.0,5,1,5,25.3,20.4,32.2,2.8,57.0,8.0,1012.4,0,0.0,0,1,1,0,Neutral
2023-01-31,2900.0,2566.67,2900.0,3,1,3,26.3,23.0,31.4,0.5,52.0,7.0,1011.7,0,0.0,0,1,1,0,Neutral
2023-02-01,2925.0,2575.0,2925.0,4,1,4,26.4,20.0,32.2,0.0,51.0,9.0,1011.1,0,0.0,0,1,1,1,Upward
2023-02-02,2840.0,2440.0,2840.0,5,1,5,25.6,21.8,32.7,0.8,66.0,10.8,1011.8,0,0.0,0,1,1,1,Upward
2023-02-03,2850.0,2550.0,2850.0,4,1,4,23.7,20.8,29.9,2.5,41.0,8.9,1012.5,0,0.0,0,1,1,1,Upward
2023-02-06,2833.33,2366.67,2833.33,3,1,3,25.9,18.0,33.2,0.0,52.0,6.2,1012.6,0,0.0,0,1,1,1,Upward
2023-02-07,2825.0,2425.0,2825.0,4,1,4,26.7,19.0,34.0,0.0,65.0,6.0,1012.1,0,0.0,0,1,1,1,Upward
2023-02-08,2925.0,2525.0,2925.0,4,1,4,26.8,20.6,34.4,0.0,59.0,7.8,1012.3,0,0.0,0,1,1,1,Upward
2023-02-09,2980.0,2620.0,2980.0,5,1,5,26.3,20.6,33.4,0.0,58.0,6.6,1012.9,0,0.0,0,1,1,1,Upward
2023-02-10,2800.0,2320.0,2800.0,5,1,5,26.1,19.4,33.1,0.0,48.0,9.6,1013.9,0,0.0,0,1,1,1,Upward
2023-02-13,2966.67,2566.67,2966.67,3,1,3,26.3,17.4,34.3,0.0,68.0,10.3,1014.1,0,0.0,0,1,1,1,Upward
2023-02-14,2925.0,2525.0,2925.0,4,1,4,25.9,18.2,34.2,0.0,60.0,6.9,1014.0,0,0.0,0,1,1,1,Upward
2023-02-15,2920.0,2440.0,2920.0,5,1,5,26.7,19.0,33.2,0.0,62.0,9.3,1012.5,0,0.0,0,1,1,1,Upward
2023-02-16,2840.0,2600.0,2840.0,5,1,5,26.1,19.1,33.8,0.0,72.0,10.2,1012.9,0,0.0,0,1,1,1,Upward
2023-02-17,2833.33,2366.67,2833.33,3,1,3,25.3,18.6,33.0,0.0,49.0,8.9,1013.6,0,0.0,0,1,1,1,Upward
2023-02-20,2925.0,2675.0,2925.0,4,1,4,27.2,21.8,33.0,0.0,74.0,7.3,1013.8,0,0.0,0,1,1,1,Upward
2023-02-21,2925.0,2475.0,2925.0,4,1,4,27.6,21.0,34.0,0.0,71.0,8.1,1013.8,0,0.0,0,1,1,1,Upward
2023-02-22,2860.0,2380.0,2860.0,5,1,5,27.3,19.8,34.2,0.0,66.0,10.0,1013.4,0,0.0,0,1,1,1,Upward
2023-02-23,2833.33,2366.67,2833.33,3,1,3,26.4,18.8,34.2,0.0,52.0,9.3,1013.4,0,0.0,0,1,1,1,Upward
2023-02-24,2966.67,2566.67,2966.67,3,1,3,26.6,20.4,33.4,0.0,46.0,7.7,1014.1,0,0.0,0,1,1,1,Upward
2023-02-27,2880.0,2480.0,2880.0,5,1,5,25.6,18.4,34.0,0.0,68.0,9.0,1017.0,0,0.0,0,1,1,1,Upward
2023-02-28,2900.0,2400.0,2900.0,4,1,4,26.5,20.0,32.6,6.9,64.0,11.1,1016.3,0,0.0,0,1,1,1,Upward
2023-03-01,2850.0,2450.0,2850.0,4,1,4,27.6,22.7,33.2,0.3,62.0,12.6,1016.2,0,0.0,0,1,1,1,Upward
2023-03-02,2900.0,2500.0,2900.0,3,1,3,26.9,21.6,32.4,0.0,70.0,12.8,1016.9,0,0.0,0,1,1,1,Upward
2023-03-03,2980.0,2580.0,2980.0,5,1,5,27.7,18.0,33.6,0.0,65.0,11.7,1017.6,0,0.0,0,1,1,1,Upward
2023-03-06,3050.0,2650.0,3050.0,4,1,4,27.4,19.4,34.7,0.0,62.0,10.5,1015.4,0,0.0,0,1,1,1,Upward
2023-03-07,3075.0,2625.0,3075.0,4,1,4,27.0,20.4,34.2,0.0,56.0,9.8,1014.4,0,0.0,0,1,1,1,Upward
2023-03-08,2940.0,2580.0,2940.0,5,1,5,27.4,21.5,33.8,0.0,70.0,13.5,1014.4,0,0.0,0,1,1,1,Upward
2023-03-09,2975.0,2625.0,2975.0,4,1,4,28.0,20.6,33.7,0.0,67.0,11.3,1013.9,0,0.0,0,1,1,1,Upward
2023-03-10,3000.0,2733.33,3000.0,3,1,3,27.4,21.0,33.2,0.0,79.0,9.8,1013.3,0,0.0,0,1,1,1,Upward
2023-03-13,3000.0,2700.0,3000.0,4,1,4,28.6,21.6,34.4,0.0,63.0,10.4,1012.1,0,0.0,0,1,1,1,Upward
2023-03-14,3000.0,2550.0,3000.0,4,1,4,29.2,22.8,35.0,0.0,57.0,7.1,1010.6,0,0.0,0,1,1,1,Upward
2023-03-15,3000.0,2666.67,3000.0,3,1,3,28.7,22.6,35.8,0.0,79.0,8.7,1009.8,0,0.0,0,1,1,1,Upward
2023-03-16,2960.0,2560.0,2960.0,5,1,5,28.3,23.0,36.0,0.1,109.0,7.4,1010.4,0,0.0,0,1,1,1,Upward
2023-03-17,3000.0,2550.0,3000.0,4,1,4,29.1,24.0,35.2,0.0,34.0,7.3,1011.0,0,0.0,0,1,1,1,Upward
2023-03-20,3033.33,2633.33,3033.33,3,1,3,28.9,24.0,35.0,0.9,215.0,12.2,1009.2,0,0.0,0,1,1,1,Upward
2023-03-21,3040.0,2600.0,3040.0,5,1,5,29.1,22.5,36.0,0.0,216.0,12.7,1008.8,0,0.0,0,1,1,1,Upward
2023-03-22,3040.0,2640.0,3040.0,5,1,5,28.9,22.0,36.8,0.0,220.0,10.0,1009.6,0,0.0,0,1,1,1,Upward
2023-03-23,3040.0,2680.0,3040.0,5,1,5,29.4,22.4,37.3,0.0,219.0,9.7,1009.7,0,0.0,0,1,1,1,Upward
2023-03-24,3000.0,2650.0,3000.0,4,1,4,28.0,23.0,36.6,0.0,234.0,6.2,1010.3,0,0.0,0,1,1,1,Upward
2023-03-27,3166.67,2700.0,3166.67,3,1,3,27.7,22.6,36.0,4.1,221.0,6.6,1010.6,0,0.0,0,1,1,1,Upward
2023-03-28,3033.33,2700.0,3033.33,3,1,3,30.1,23.2,36.2,0.0,116.0,7.3,1010.0,0,0.0,0,1,1,1,Upward
2023-03-29,3100.0,2766.67,3100.0,3,1,3,29.2,26.0,37.1,0.6,317.0,7.3,1011.3,0,0.0,0,1,1,1,Upward
2023-03-30,2925.0,2425.0,2925.0,4,1,4,28.6,24.0,36.0,0.0,226.0,7.4,1010.7,0,0.0,0,1,1,1,Upward
2023-03-31,3080.0,2640.0,3080.0,5,1,5,29.0,23.4,36.4,0.0,222.0,7.6,1009.7,0,0.0,0,1,1,1,Upward
2023-04-03,3075.0,2625.0,3075.0,4,1,4,29.2,24.0,36.0,1.0,210.0,10.9,1009.5,0,0.0,0,1,1,1,Upward
2023-04-04,3060.0,2660.0,3060.0,5,1,5,27.6,25.0,36.7,0.6,239.0,6.1,1011.2,0,0.0,0,1,1,1,Upward
2023-04-05,3200.0,2866.67,3200.0,3,1,3,29.2,23.0,35.6,0.0,26.0,7.0,1010.1,0,0.0,0,1,1,1,Upward
2023-04-06,3100.0,2633.33,3100.0,3,1,3,29.9,24.6,36.6,0.0,154.0,8.8,1010.6,0,0.0,0,1,1,1,Upward
2023-04-07,3033.33,2433.33,3033.33,3,1,3,29.8,24.2,36.0,0.0,73.0,9.0,1011.9,0,0.0,0,1,1,1,Upward
2023-04-10,3033.33,2566.67,3033.33,3,1,3,30.8,24.8,35.0,0.7,68.0,9.7,1012.9,0,0.0,0,1,1,1,Upward
2023-04-11,3160.0,2800.0,3160.0,5,1,5,29.8,23.9,36.0,0.0,78.0,9.5,1012.2,0,0.0,0,1,1,1,Upward
2023-04-12,3080.0,2560.0,3080.0,5,1,5,30.7,23.8,38.6,0.0,101.0,11.1,1011.1,0,0.0,0,1,1,1,Upward
2023-04-13,3025.0,2675.0,3025.0,4,1,4,31.1,22.7,39.0,0.0,147.0,11.2,1010.6,0,0.0,0,1,1,1,Upward
2023-04-14,3075.0,2775.0,3075.0,4,1,4,30.9,24.5,38.4,0.0,163.0,10.2,1011.5,0,0.0,0,1,1,1,Upward
2023-04-17,3033.33,2633.33,3033.33,3,1,3,30.8,25.0,38.2,0.0,175.0,10.7,1009.5,0,0.0,0,1,1,1,Upward
2023-04-18,3000.0,2533.33,3000.0,3,1,3,31.6,25.0,38.5,0.0,151.0,9.5,1010.6,0,0.0,0,1,1,1,Upward
2023-04-19,3233.33,2833.33,3233.33,3,1,3,31.3,25.4,38.2,0.0,201.0,9.8,1008.9,0,0.0,0,1,1,1,Upward
2023-04-20,3075.0,2675.0,3075.0,4,1,4,30.6,25.2,38.7,0.0,212.0,12.8,1007.0,0,0.0,0,1,1,1,Upward
2023-04-21,3120.0,2800.0,3120.0,5,1,5,30.4,25.0,37.5,0.2,218.0,13.0,1007.3,0,0.0,0,1,1,1,Upward
2023-04-24,3150.0,2700.0,3150.0,4,1,4,29.2,25.0,36.2,2.3,60.0,9.2,1008.8,0,0.0,0,1,1,1,Upward
2023-04-25,3250.0,2700.0,3250.0,4,1,4,27.9,23.5,36.9,8.4,35.0,10.3,1009.7,0,0.0,0,1,1,1,Upward
2023-04-26,3066.67,2600.0,3066.67,3,1,3,29.6,23.2,36.0,6.7,59.0,9.5,1009.6,0,0.0,0,1,1,1,Upward
2023-04-27,3133.33,2733.33,3133.33,3,1,3,30.4,24.4,36.0,0.5,67.0,9.5,1009.7,0,0.0,0,1,1,1,Upward
2023-04-28,3133.33,2666.67,3133.33,3,1,3,30.3,25.6,36.0,0.0,79.0,11.1,1010.2,0,0.0,0,1,1,1,Upward
2023-05-01,3100.0,2860.0,3100.0,5,1,5,26.6,24.0,35.0,5.2,291.0,6.2,1008.4,0,0.0,0,1,1,1,Upward
2023-05-02,3200.0,2600.0,3200.0,3,1,3,27.0,24.0,33.0,6.0,24.0,6.3,1009.3,0,0.0,0,1,1,1,Upward
2023-05-03,3100.0,2650.0,3100.0,4,1,4,26.6,23.3,34.5,8.9,208.0,9.9,1010.4,0,0.0,0,1,1,1,Upward
2023-05-04,3020.0,2620.0,3020.0,5,1,5,28.3,24.4,33.0,14.0,226.0,7.4,1009.6,0,0.0,0,1,1,1,Upward
2023-05-05,2980.0,2540.0,2980.0,5,1,5,28.2,24.0,33.9,0.0,236.0,11.5,1009.0,0,0.0,0,1,1,1,Upward
2023-05-08,3125.0,2875.0,3125.0,4,1,4,28.4,24.4,34.0,0.0,218.0,8.3,1008.1,0,0.0,0,1,1,1,Upward
2023-05-09,3025.0,2425.0,3025.0,4,1,4,28.9,24.4,34.4,0.5,224.0,8.5,1008.2,0,0.0,0,1,1,1,Upward
2023-05-10,3075.0,2825.0,3075.0,4,1,4,29.1,25.6,35.4,0.0,201.0,9.6,1008.0,0,0.0,0,1,1,1,Upward
2023-05-11,3000.0,2650.0,3000.0,4,1,4,28.7,23.8,35.8,2.0,219.0,12.9,1009.0,0,0.0,0,1,1,1,Upward
2023-05-12,2966.67,2566.67,2966.67,3,1,3,29.2,25.4,35.3,5.1,215.0,13.9,1009.5,0,0.0,0,1,1,1,Upward
2023-05-15,3060.0,2660.0,3060.0,5,1,5,30.0,25.4,35.8,0.0,217.0,19.8,1009.2,0,0.0,0,1,1,1,Upward
2023-05-16,3125.0,2725.0,3125.0,4,1,4,30.2,25.8,37.0,0.0,211.0,14.8,1010.2,0,0.0,0,1,1,1,Upward
2023-05-17,3060.0,2700.0,3060.0,5,1,5,29.4,26.0,37.0,0.8,209.0,11.8,1010.6,0,0.0,0,1,1,1,Upward
2023-05-18,3080.0,2680.0,3080.0,5,1,5,30.3,25.2,37.2,0.6,205.0,10.9,1011.6,0,0.0,0,1,1,1,Upward
2023-05-19,3100.0,2620.0,3100.0,5,1,5,28.4,25.6,36.5,0.0,209.0,12.7,1010.8,0,0.0,0,1,1,1,Upward
2023-05-22,3050.0,2500.0,3050.0,4,1,4,28.9,24.0,36.2,0.0,214.0,9.1,1011.6,0,0.0,0,1,1,1,Upward
2023-05-23,3075.0,2525.0,3075.0,4,1,4,29.6,24.2,36.2,0.0,215.0,10.6,1011.8,0,0.0,0,1,1,1,Upward
2023-05-24,3000.0,2480.0,3000.0,5,1,5,29.3,26.0,36.0,0.4,212.0,14.1,1011.5,0,0.0,0,1,1,1,Upward
2023-05-25,3100.0,2620.0,3100.0,5,1,5,29.0,24.7,36.6,0.1,219.0,14.3,1012.2,0,0.0,0,1,1,1,Upward
2023-05-26,3060.0,2780.0,3060.0,5,1,5,28.7,25.0,35.8,0.0,215.0,15.6,1012.7,0,0.0,0,1,1,1,Upward
2023-05-29,3140.0,2580.0,3140.0,5,1,5,29.5,26.0,35.6,0.7,204.0,10.9,1009.3,0,0.0,0,1,1,1,Upward
2023-05-30,3100.0,2700.0,3100.0,3,1,3,29.6,24.8,36.4,1.7,206.0,8.6,1010.0,0,0.0,0,1,1,1,Upward
2023-05-31,3133.33,2866.67,3133.33,3,1,3,29.2,25.4,36.5,6.5,216.0,10.7,1009.7,0,0.0,0,1,1,1,Upward
2023-06-01,2920.0,2440.0,2920.0,5,1,5,29.3,24.9,35.4,0.0,210.0,15.6,1009.2,0,0.0,0,1,1,0,Neutral
2023-06-02,2925.0,2575.0,2925.0,4,1,4,28.1,24.8,35.4,0.6,207.0,13.2,1009.6,0,0.0,0,1,1,0,Neutral
2023-06-05,2840.0,2560.0,2840.0,5,1,5,29.7,26.0,36.0,0.0,207.0,17.7,1008.7,0,0.0,0,1,1,0,Neutral
2023-06-06,2925.0,2425.0,2925.0,4,1,4,29.4,24.4,35.6,0.8,203.0,15.7,1008.1,0,0.0,0,1,1,0,Neutral
2023-06-07,2933.33,2466.67,2933.33,3,1,3,28.3,25.2,36.0,0.0,212.0,19.1,1008.6,0,0.0,0,1,1,0,Neutral
2023-06-08,2850.0,2300.0,2850.0,4,1,4,27.6,22.7,35.6,0.0,218.0,15.8,1009.2,0,0.0,0,1,1,0,Neutral
2023-06-09,2850.0,2500.0,2850.0,4,1,4,27.3,23.4,35.6,0.1,213.0,20.2,1008.3,0,0.0,0,1,1,0,Neutral
2023-06-12,2880.0,2560.0,2880.0,5,1,5,27.4,24.0,34.0,0.6,214.0,16.8,1007.7,0,0.0,0,1,1,0,Neutral
2023-06-13,2820.0,2420.0,2820.0,5,1,5,27.6,23.0,34.4,0.5,206.0,15.5,1008.2,0,0.0,0,1,1,0,Neutral
2023-06-14,2920.0,2480.0,2920.0,5,1,5,27.7,23.6,34.0,0.0,208.0,16.8,1009.6,0,0.0,0,1,1,0,Neutral
2023-06-15,2966.67,2700.0,2966.67,3,1,3,28.6,24.0,35.2,0.0,210.0,14.7,1009.3,0,0.0,0,1,1,0,Neutral
2023-06-16,3050.0,2700.0,3050.0,4,1,4,28.4,24.8,36.0,0.0,213.0,16.5,1008.8,0,0.0,0,1,1,0,Neutral
2023-06-19,2900.0,2540.0,2900.0,5,1,5,27.9,24.0,33.9,0.0,203.0,13.1,1007.7,0,0.0,0,1,1,0,Neutral
2023-06-20,2775.0,2325.0,2775.0,4,1,4,27.2,24.8,33.8,2.9,206.0,13.4,1007.2,0,0.0,0,1,1,0,Neutral
2023-06-21,2833.33,2500.0,2833.33,3,1,3,27.5,24.6,33.4,0.9,205.0,13.6,1007.6,0,0.0,0,1,1,0,Neutral
2023-06-22,3066.67,2666.67,3066.67,3,1,3,27.8,23.8,33.8,0.6,204.0,13.8,1008.0,0,0.0,0,1,1,0,Neutral
2023-06-23,3020.0,2500.0,3020.0,5,1,5,27.6,24.0,33.5,0.4,206.0,16.4,1008.4,0,0.0,0,1,1,0,Neutral
2023-06-26,2866.67,2600.0,2866.67,3,1,3,26.6,22.6,33.4,0.0,204.0,20.4,1009.0,0,0.0,0,1,1,0,Neutral
2023-06-27,2900.0,2500.0,2900.0,4,1,4,25.5,22.8,32.4,0.3,213.0,19.5,1009.8,0,0.0,0,1,1,0,Neutral
2023-06-28,2866.67,2466.67,2866.67,3,1,3,26.7,21.7,33.0,0.0,205.0,19.7,1010.1,0,0.0,0,1,1,0,Neutral
2023-06-29,2940.0,2620.0,2940.0,5,1,5,26.3,23.2,34.0,0.0,218.0,18.2,1011.3,0,0.0,0,1,1,0,Neutral
2023-06-30,2900.0,2500.0,2900.0,4,1,4,28.2,24.0,34.0,0.0,213.0,18.2,1010.2,0,0.0,0,1,1,0,Neutral
2023-07-03,2780.0,2420.0,2780.0,5,1,5,25.7,23.0,34.0,0.0,215.0,19.0,1008.6,0,0.0,0,1,1,0,Neutral
2023-07-04,2866.67,2533.33,2866.67,3,1,3,24.4,22.8,31.2,12.4,225.0,21.8,1007.3,0,0.0,0,1,1,0,Neutral
2023-07-05,2900.0,2433.33,2900.0,3,1,3,24.5,21.8,30.0,2.0,229.0,20.8,1006.1,0,0.0,0,1,1,0,Neutral
2023-07-06,2820.0,2420.0,2820.0,5,1,5,24.9,21.8,30.3,4.1,218.0,19.8,1008.4,0,0.0,0,1,1,0,Neutral
2023-07-07,2900.0,2460.0,2900.0,5,1,5,25.7,22.4,30.0,3.0,218.0,18.3,1010.1,0,0.0,0,1,1,0,Neutral
2023-07-10,2900.0,2500.0,2900.0,3,1,3,27.0,22.9,32.8,0.3,217.0,16.3,1009.5,0,0.0,0,1,1,0,Neutral
2023-07-11,2766.67,2300.0,2766.67,3,1,3,26.5,24.0,32.6,0.3,208.0,16.7,1009.2,0,0.0,0,1,1,0,Neutral
2023-07-12,2833.33,2566.67,2833.33,3,1,3,27.5,23.2,33.4,0.0,209.0,15.9,1008.9,0,0.0,0,1,1,0,Neutral
2023-07-13,2850.0,2500.0,2850.0,4,1,4,26.1,23.2,33.9,0.0,223.0,18.5,1009.4,0,0.0,0,1,1,0,Neutral
2023-07-14,2800.0,2200.0,2800.0,3,1,3,26.9,22.0,32.6,0.0,222.0,17.2,1010.5,0,0.0,0,1,1,0,Neutral
2023-07-17,2850.0,2400.0,2850.0,4,1,4,27.7,23.8,33.4,0.0,217.0,17.8,1009.0,0,0.0,0,1,1,0,Neutral
2023-07-18,2800.0,2450.0,2800.0,4,1,4,28.3,24.0,34.0,0.0,233.0,23.8,1008.4,0,0.0,0,1,1,0,Neutral
2023-07-19,2860.0,2460.0,2860.0,5,1,5,27.4,24.4,33.4,0.0,235.0,24.1,1007.3,0,0.0,0,1,1,0,Neutral
2023-07-20,2875.0,2425.0,2875.0,4,1,4,28.4,24.4,33.0,0.3,233.0,23.2,1007.0,0,0.0,0,1,1,0,Neutral
2023-07-21,2750.0,2350.0,2750.0,4,1,4,28.7,25.6,33.4,0.0,254.0,26.0,1007.7,0,0.0,0,1,1,0,Neutral
2023-07-24,2900.0,2633.33,2900.0,3,1,3,24.8,22.8,32.5,6.1,217.0,17.9,1009.3,0,0.0,0,1,1,0,Neutral
2023-07-25,2800.0,2520.0,2800.0,5,1,5,24.9,22.0,29.0,3.0,224.0,16.0,1009.5,0,0.0,0,1,1,0,Neutral
2023-07-26,2850.0,2450.0,2850.0,4,1,4,24.3,22.0,29.7,0.0,214.0,15.7,1010.6,0,0.0,0,1,1,0,Neutral
2023-07-27,2820.0,2460.0,2820.0,5,1,5,25.2,21.2,30.0,1.0,202.0,16.6,1010.8,0,0.0,0,1,1,0,Neutral
2023-07-28,2925.0,2525.0,2925.0,4,1,4,26.2,21.6,32.0,0.0,211.0,17.1,1010.4,0,0.0,0,1,1,0,Neutral
2023-07-31,2900.0,2460.0,2900.0,5,1,5,27.4,23.0,33.2,0.0,200.0,16.0,1009.2,0,0.0,0,1,1,0,Neutral
2023-08-01,2800.0,2333.33,2800.0,3,1,3,27.8,24.0,33.6,0.0,207.0,19.0,1009.5,0,0.0,0,1,1,0,Neutral
2023-08-02,2825.0,2475.0,2825.0,4,1,4,27.3,23.4,34.0,0.0,217.0,17.4,1010.4,0,0.0,0,1,1,0,Neutral
2023-08-03,2866.67,2400.0,2866.67,3,1,3,27.7,24.0,34.0,0.0,209.0,20.1,1009.8,0,0.0,0,1,1,0,Neutral
2023-08-04,2750.0,2400.0,2750.0,4,1,4,27.8,23.6,34.4,0.5,205.0,17.1,1011.3,0,0.0,0,1,1,0,Neutral
2023-08-07,2820.0,2420.0,2820.0,5,1,5,27.3,23.6,34.2,0.0,210.0,17.4,1009.8,0,0.0,0,1,1,0,Neutral
2023-08-08,2866.67,2600.0,2866.67,3,1,3,27.5,23.4,33.8,0.3,199.0,17.0,1010.0,0,0.0,0,1,1,0,Neutral
2023-08-09,2775.0,2425.0,2775.0,4,1,4,27.7,23.3,33.0,1.4,200.0,14.9,1011.2,0,0.0,0,1,1,0,Neutral
2023-08-10,2833.33,2633.33,2833.33,3,1,3,27.4,24.0,34.1,0.4,204.0,12.7,1011.7,0,0.0,0,1,1,0,Neutral
2023-08-11,2820.0,2460.0,2820.0,5,1,5,27.8,24.2,34.4,2.3,208.0,11.9,1010.9,0,0.0,0,1,1,0,Neutral
2023-08-14,2860.0,2540.0,2860.0,5,1,5,27.5,23.1,33.3,0.3,204.0,16.4,1010.5,0,0.0,0,1,1,0,Neutral
2023-08-15,2866.67,2466.67,2866.67,3,1,3,27.6,22.6,33.7,0.0,211.0,16.1,1010.7,0,0.0,0,1,1,0,Neutral
2023-08-16,2880.0,2400.0,2880.0,5,1,5,27.7,22.4,33.8,0.0,210.0,15.9,1010.9,0,0.0,0,1,1,0,Neutral
2023-08-17,2850.0,2450.0,2850.0,4,1,4,28.1,23.3,34.0,0.0,216.0,18.3,1010.7,0,0.0,0,1,1,0,Neutral
2023-08-18,2875.0,2425.0,2875.0,4,1,4,27.4,23.7,34.2,0.0,216.0,16.5,1009.9,0,0.0,0,1,1,0,Neutral
2023-08-21,2780.0,2340.0,2780.0,5,1,5,28.2,24.0,34.0,0.2,205.0,15.6,1008.3,0,0.0,0,1,1,0,Neutral
2023-08-22,2740.0,2340.0,2740.0,5,1,5,28.1,24.0,34.7,0.2,210.0,15.1,1008.4,0,0.0,0,1,1,0,Neutral
2023-08-23,2800.0,2280.0,2800.0,5,1,5,28.5,24.6,34.6,0.0,217.0,17.0,1008.9,0,0.0,0,1,1,0,Neutral
2023-08-24,2775.0,2375.0,2775.0,4,1,4,27.3,23.2,35.0,0.0,215.0,17.2,1008.9,0,0.0,0,1,1,0,Neutral
2023-08-25,2740.0,2340.0,2740.0,5,1,5,27.9,22.8,34.8,0.0,206.0,15.8,1009.1,0,0.0,0,1,1,0,Neutral
2023-08-28,2800.0,2333.33,2800.0,3,1,3,27.6,23.4,33.1,9.7,211.0,15.3,1010.2,0,0.0,0,1,1,0,Neutral
2023-08-29,2850.0,2450.0,2850.0,4,1,4,27.9,24.0,34.2,3.9,210.0,14.1,1009.2,0,0.0,0,1,1,0,Neutral
2023-08-30,2966.67,2633.33,2966.67,3,1,3,28.7,24.2,35.0,0.1,215.0,13.9,1009.4,0,0.0,0,1,1,0,Neutral
2023-08-31,2833.33,2500.0,2833.33,3,1,3,28.1,24.4,35.2,0.0,209.0,12.7,1009.4,0,0.0,0,1,1,0,Neutral
2023-09-01,2825.0,2375.0,2825.0,4,1,4,29.1,25.0,35.2,5.0,210.0,13.4,1009.5,0,0.0,0,1,1,1,Upward
2023-09-04,2966.67,2566.67,2966.67,3,1,3,27.1,23.4,34.4,0.5,219.0,18.6,1007.1,0,0.0,0,1,1,1,Upward
2023-09-05,2833.33,2500.0,2833.33,3,1,3,26.1,24.0,32.3,0.0,223.0,18.7,1007.5,0,0.0,0,1,1,1,Upward
2023-09-06,2880.0,2560.0,2880.0,5,1,5,26.5,23.0,33.0,9.2,217.0,19.8,1008.1,0,0.0,0,1,1,1,Upward
2023-09-07,2750.0,2400.0,2750.0,4,1,4,25.4,22.8,33.7,5.3,217.0,20.5,1008.8,0,0.0,0,1,1,1,Upward
2023-09-08,2900.0,2600.0,2900.0,4,1,4,26.1,22.4,31.1,1.3,214.0,23.1,1009.8,0,0.0,0,1,1,1,Upward
2023-09-11,2925.0,2625.0,2925.0,4,1,4,26.3,22.6,32.5,0.1,219.0,19.6,1009.3,0,0.0,0,1,1,1,Upward
2023-09-12,2966.67,2633.33,2966.67,3,1,3,26.7,23.0,32.2,0.1,213.0,17.0,1009.2,0,0.0,0,1,1,1,Upward
2023-09-13,2925.0,2525.0,2925.0,4,1,4,28.0,25.0,34.0,0.0,210.0,17.6,1009.1,0,0.0,0,1,1,1,Upward
2023-09-14,2950.0,2700.0,2950.0,4,1,4,26.7,23.2,34.9,0.3,217.0,20.4,1009.6,0,0.0,0,1,1,1,Upward
2023-09-15,2900.0,2500.0,2900.0,4,1,4,26.8,22.5,32.4,0.0,215.0,20.1,1010.0,0,0.0,0,1,1,1,Upward
2023-09-18,2875.0,2475.0,2875.0,4,1,4,27.4,22.6,32.6,1.0,213.0,16.4,1009.2,0,0.0,0,1,1,1,Upward
2023-09-19,2800.0,2550.0,2800.0,4,1,4,28.2,22.8,33.2,0.0,216.0,17.1,1010.5,0,0.0,0,1,1,1,Upward
2023-09-20,2875.0,2375.0,2875.0,4,1,4,28.0,24.0,34.0,0.0,218.0,14.6,1010.4,0,0.0,0,1,1,1,Upward
2023-09-21,2900.0,2366.67,2900.0,3,1,3,27.9,23.5,34.1,0.0,216.0,12.8,1010.4,0,0.0,0,1,1,1,Upward
2023-09-22,2840.0,2480.0,2840.0,5,1,5,27.6,24.6,34.0,0.6,208.0,13.6,1010.3,0,0.0,0,1,1,1,Upward
2023-09-25,2875.0,2525.0,2875.0,4,1,4,27.4,23.6,33.4,0.7,204.0,17.2,1009.6,0,0.0,0,1,1,1,Upward
2023-09-26,2975.0,2675.0,2975.0,4,1,4,27.3,24.2,33.8,0.3,213.0,16.9,1009.4,0,0.0,0,1,1,1,Upward
2023-09-27,2800.0,2400.0,2800.0,3,1,3,27.4,23.1,32.0,0.0,223.0,16.4,1009.2,0,0.0,0,1,1,1,Upward
2023-09-28,2733.33,2400.0,2733.33,3,1,3,26.2,23.0,32.1,1.2,219.0,19.7,1009.5,0,0.0,0,1,1,1,Upward
2023-09-29,2900.0,2433.33,2900.0,3,1,3,26.4,22.4,32.5,5.8,223.0,23.7,1009.9,0,0.0,0,1,1,1,Upward
2023-10-02,3075.0,2675.0,3075.0,4,1,4,26.6,22.8,31.2,0.0,216.0,20.1,1010.6,0,0.0,0,1,1,1,Upward
2023-10-03,3000.0,2533.33,3000.0,3,1,3,27.8,24.0,33.0,0.7,211.0,16.6,1010.6,0,0.0,0,1,1,1,Upward
2023-10-04,3100.0,2566.67,3100.0,3,1,3,28.1,22.6,33.8,0.9,216.0,16.5,1010.7,0,0.0,0,1,1,1,Upward
2023-10-05,3025.0,2575.0,3025.0,4,1,4,28.3,22.5,34.4,0.0,218.0,14.0,1010.4,0,0.0,0,1,1,1,Upward
2023-10-06,3000.0,2650.0,3000.0,4,1,4,27.8,22.0,34.2,0.0,220.0,14.4,1009.8,0,0.0,0,1,1,1,Upward
2023-10-09,3040.0,2640.0,3040.0,5,1,5,28.1,24.0,35.5,0.3,197.0,10.1,1012.7,0,0.0,0,1,1,1,Upward
2023-10-10,3020.0,2620.0,3020.0,5,1,5,28.1,23.2,35.4,3.0,219.0,10.0,1012.2,0,0.0,0,1,1,1,Upward
2023-10-11,2960.0,2520.0,2960.0,5,1,5,27.3,24.2,35.0,3.0,216.0,10.3,1011.9,0,0.0,0,1,1,1,Upward
2023-10-12,3040.0,2640.0,3040.0,5,1,5,27.3,24.0,32.0,5.1,217.0,7.9,1012.7,0,0.0,0,1,1,1,Upward
2023-10-13,2966.67,2500.0,2966.67,3,1,3,27.7,23.1,33.0,0.0,143.0,6.9,1013.2,0,0.0,0,1,1,1,Upward
2023-10-16,3040.0,2800.0,3040.0,5,1,5,26.0,22.0,32.8,0.0,180.0,8.6,1012.2,0,0.0,0,1,1,1,Upward
2023-10-17,3040.0,2600.0,3040.0,5,1,5,27.1,21.2,32.8,69.1,272.0,5.8,1012.7,0,0.0,0,1,1,1,Upward
2023-10-18,3060.0,2700.0,3060.0,5,1,5,27.9,23.8,32.8,0.0,74.0,7.4,1013.4,0,0.0,0,1,1,1,Upward
2023-10-19,3050.0,2700.0,3050.0,4,1,4,28.4,24.0,33.0,0.0,63.0,7.2,1013.2,0,0.0,0,1,1,1,Upward
2023-10-20,2900.0,2600.0,2900.0,4,1,4,28.1,24.0,33.0,0.0,48.0,7.1,1013.1,0,0.0,0,1,1,1,Upward
2023-10-23,3060.0,2660.0,3060.0,5,1,5,27.3,24.0,33.0,0.2,202.0,8.1,1013.0,0,0.0,0,1,1,1,Upward
2023-10-24,2966.67,2500.0,2966.67,3,1,3,27.6,22.0,33.0,0.0,159.0,7.9,1012.2,0,0.0,0,1,1,1,Upward
2023-10-25,2933.33,2666.67,2933.33,3,1,3,26.8,24.0,31.0,0.1,202.0,6.7,1013.5,0,0.0,0,1,1,1,Upward
2023-10-26,3160.0,2800.0,3160.0,5,1,5,28.3,24.0,33.0,0.0,66.0,6.7,1013.4,0,0.0,0,1,1,1,Upward
2023-10-27,3000.0,2600.0,3000.0,3,1,3,28.3,25.0,32.0,0.0,72.0,9.1,1012.6,0,0.0,0,1,1,1,Upward
2023-10-30,3000.0,2600.0,3000.0,3,1,3,26.0,24.0,30.2,19.3,36.0,8.3,1012.8,0,0.0,0,1,1,1,Upward
2023-10-31,3075.0,2575.0,3075.0,4,1,4,26.8,23.0,31.2,7.2,45.0,10.5,1013.0,0,0.0,0,1,1,1,Upward
2023-11-01,3080.0,2640.0,3080.0,5,1,5,26.8,22.8,32.0,21.1,55.0,7.0,1012.8,0,0.0,0,1,1,1,Upward
2023-11-02,3080.0,2560.0,3080.0,5,1,5,26.2,21.4,32.0,61.0,55.0,6.3,1012.2,0,0.0,0,1,1,1,Upward
2023-11-03,3175.0,2625.0,3175.0,4,1,4,26.9,23.5,31.0,3.0,73.0,7.7,1010.7,0,0.0,0,1,1,1,Upward
2023-11-06,3180.0,2660.0,3180.0,5,1,5,26.1,24.0,31.0,0.0,31.0,6.8,1013.2,0,0.0,0,1,1,1,Upward
2023-11-07,3200.0,2840.0,3200.0,5,1,5,26.5,23.0,30.6,0.5,48.0,7.4,1013.4,0,0.0,0,1,1,1,Upward
2023-11-08,3150.0,2700.0,3150.0,4,1,4,26.8,22.0,31.2,11.9,38.0,10.7,1012.9,0,0.0,0,1,1,1,Upward
2023-11-09,3100.0,2700.0,3100.0,5,1,5,25.6,21.0,31.4,46.0,11.0,7.6,1013.6,0,0.0,0,1,1,1,Upward
2023-11-10,3075.0,2625.0,3075.0,4,1,4,25.8,23.0,29.7,0.5,36.0,6.6,1014.7,0,0.0,0,1,1,1,Upward
2023-11-13,3000.0,2650.0,3000.0,4,1,4,25.4,21.8,29.2,0.0,57.0,7.5,1013.7,0,0.0,0,1,1,1,Upward
2023-11-14,3000.0,2680.0,3000.0,5,1,5,25.3,23.2,28.0,0.1,57.0,7.1,1013.4,0,0.0,0,1,1,1,Upward
2023-11-15,3040.0,2600.0,3040.0,5,1,5,26.0,23.0,30.4,0.0,57.0,6.4,1013.2,0,0.0,0,1,1,1,Upward
2023-11-16,3175.0,2775.0,3175.0,4,1,4,27.7,23.4,31.2,0.0,39.0,6.8,1013.3,0,0.0,0,1,1,1,Upward
2023-11-17,3175.0,2775.0,3175.0,4,1,4,27.8,25.0,31.8,0.1,70.0,7.8,1013.2,0,0.0,0,1,1,1,Upward
2023-11-20,3133.33,2800.0,3133.33,3,1,3,27.3,23.0,32.0,0.0,42.0,8.9,1012.8,0,0.0,0,1,1,1,Upward
2023-11-21,3033.33,2633.33,3033.33,3,1,3,28.5,25.0,33.0,10.2,63.0,6.7,1011.5,0,0.0,0,1,1,1,Upward
2023-11-22,3060.0,2740.0,3060.0,5,1,5,26.6,23.4,33.5,8.9,39.0,6.9,1011.5,0,0.0,0,1,1,1,Upward
2023-11-23,3125.0,2825.0,3125.0,4,1,4,25.2,23.4,31.1,15.0,43.0,7.8,1011.2,0,0.0,0,1,1,1,Upward
2023-11-24,3180.0,2700.0,3180.0,5,1,5,26.1,22.8,30.0,7.9,47.0,9.1,1011.8,0,0.0,0,1,1,1,Upward
2023-11-27,3120.0,2840.0,3120.0,5,1,5,26.2,21.2,31.0,5.1,47.0,8.5,1012.5,0,0.0,0,1,1,1,Upward
2023-11-28,3100.0,2700.0,3100.0,4,1,4,26.8,22.2,30.8,0.0,55.0,6.6,1011.8,0,0.0,0,1,1,1,Upward
2023-11-29,3225.0,2775.0,3225.0,4,1,4,26.6,24.0,30.0,3.2,58.0,9.2,1011.9,0,0.0,0,1,1,1,Upward
2023-11-30,3100.0,2633.33,3100.0,3,1,3,25.8,23.6,31.0,0.0,48.0,7.2,1012.8,0,0.0,0,1,1,1,Upward
2023-12-01,3033.33,2633.33,3033.33,3,1,3,26.3,23.0,30.0,6.6,50.0,6.2,1011.7,0,0.0,0,1,1,0,Neutral
2023-12-04,3233.33,2766.67,3233.33,3,1,3,27.5,24.0,31.0,0.1,216.0,4.4,1008.6,0,0.0,0,1,1,0,Neutral
2023-12-05,3000.0,2600.0,3000.0,3,1,3,26.8,24.0,30.4,0.0,225.0,6.5,1008.9,0,0.0,0,1,1,0,Neutral
2023-12-06,3200.0,2650.0,3200.0,4,1,4,27.7,23.0,34.0,0.0,226.0,6.7,1010.1,0,0.0,0,1,1,0,Neutral
2023-12-07,3225.0,2925.0,3225.0,4,1,4,27.6,24.0,32.0,0.0,27.0,5.6,1011.2,0,0.0,0,1,1,0,Neutral
2023-12-08,3200.0,2600.0,3200.0,3,1,3,25.4,23.0,32.9,2.0,18.0,7.2,1012.4,0,0.0,0,1,1,0,Neutral
2023-12-11,3200.0,2700.0,3200.0,4,1,4,25.9,23.0,29.0,0.1,62.0,7.4,1013.0,0,0.0,0,1,1,0,Neutral
2023-12-12,3033.33,2833.33,3033.33,3,1,3,25.1,23.0,28.0,0.0,67.0,6.0,1012.6,0,0.0,0,1,1,0,Neutral
2023-12-13,3180.0,2740.0,3180.0,5,1,5,24.2,22.0,27.0,0.0,56.0,8.3,1012.7,0,0.0,0,1,1,0,Neutral
2023-12-14,3220.0,2860.0,3220.0,5,1,5,24.8,22.0,28.2,0.0,62.0,8.3,1014.3,0,0.0,0,1,1,0,Neutral
2023-12-15,3200.0,2840.0,3200.0,5,1,5,24.8,20.8,29.2,0.0,61.0,8.0,1014.4,0,0.0,0,1,1,0,Neutral
2023-12-18,3225.0,2875.0,3225.0,4,1,4,23.3,21.6,28.0,9.9,49.0,7.2,1014.5,0,0.0,0,1,1,0,Neutral
2023-12-19,3125.0,2825.0,3125.0,4,1,4,25.0,21.8,28.0,2.0,56.0,8.7,1014.5,0,0.0,0,1,1,0,Neutral
2023-12-20,3166.67,2766.67,3166.67,3,1,3,25.4,22.0,28.4,0.0,50.0,9.1,1014.5,0,0.0,0,1,1,0,Neutral
2023-12-21,3075.0,2525.0,3075.0,4,1,4,25.0,22.6,27.0,0.0,78.0,8.6,1014.5,0,0.0,0,1,1,0,Neutral
2023-12-22,3100.0,2633.33,3100.0,3,1,3,25.2,22.0,29.4,0.0,63.0,5.8,1014.4,0,0.0,0,1,1,0,Neutral
2023-12-25,3240.0,2920.0,3240.0,5,1,5,25.0,22.0,30.0,0.1,43.0,11.2,1016.3,0,0.0,0,1,1,0,Neutral
2023-12-26,3150.0,2700.0,3150.0,4,1,4,25.6,22.0,30.0,0.2,66.0,11.0,1016.1,0,0.0,0,1,1,0,Neutral
2023-12-27,3180.0,2620.0,3180.0,5,1,5,25.4,20.0,30.0,0.0,43.0,10.4,1015.7,0,0.0,0,1,1,0,Neutral
2023-12-28,3075.0,2575.0,3075.0,4,1,4,25.9,23.0,29.0,0.1,44.0,10.7,1014.7,0,0.0,0,1,1,0,Neutral
2023-12-29,3150.0,2800.0,3150.0,4,1,4,24.9,23.0,28.0,1.1,34.0,10.0,1015.0,0,0.0,0,1,1,0,Neutral
2024-01-01,3240.0,2920.0,3240.0,5,1,5,24.7,22.0,29.0,0.0,49.0,6.6,1014.6,0,0.0,0,1,1,0,Neutral
2024-01-02,3200.0,2733.33,3200.0,3,1,3,25.0,22.0,29.0,0.0,61.0,6.8,1013.9,0,0.0,0,1,1,0,Neutral
2024-01-03,3175.0,2875.0,3175.0,4,1,4,24.9,22.0,28.0,0.0,41.0,7.0,1013.4,0,0.0,0,1,1,0,Neutral
2024-01-04,3133.33,2666.67,3133.33,3,1,3,24.6,23.0,27.6,7.8,44.0,8.2,1013.5,0,0.0,0,1,1,0,Neutral
2024-01-05,3150.0,2800.0,3150.0,4,1,4,24.7,21.3,29.0,9.9,37.0,5.9,1013.7,0,0.0,0,1,1,0,Neutral
2024-01-08,3100.0,2700.0,3100.0,5,1,5,24.3,22.8,28.8,0.0,41.0,8.6,1014.4,0,0.0,0,1,1,0,Neutral
2024-01-09,3100.0,2750.0,3100.0,4,1,4,22.9,22.0,27.1,0.5,30.0,8.8,1014.7,0,0.0,0,1,1,0,Neutral
2024-01-10,3133.33,2733.33,3133.33,3,1,3,24.6,20.4,28.0,7.1,58.0,8.0,1014.6,0,0.0,0,1,1,0,Neutral
2024-01-11,3100.0,2700.0,3100.0,5,1,5,25.3,20.3,29.0,0.0,56.0,9.8,1014.8,0,0.0,0,1,1,0,Neutral
2024-01-12,3250.0,2950.0,3250.0,4,1,4,24.7,20.0,29.0,0.0,54.0,9.9,1015.0,0,0.0,0,1,1,0,Neutral
2024-01-15,3325.0,2825.0,3325.0,4,1,4,25.5,21.0,30.4,0.0,68.0,6.2,1014.2,0,0.0,0,1,1,0,Neutral
2024-01-16,3120.0,2760.0,3120.0,5,1,5,25.0,21.0,30.0,0.0,58.0,4.5,1013.3,0,0.0,0,1,1,0,Neutral
2024-01-17,3180.0,2820.0,3180.0,5,1,5,25.1,21.0,31.0,0.0,52.0,7.7,1012.5,0,0.0,0,1,1,0,Neutral
2024-01-18,3175.0,2775.0,3175.0,4,1,4,25.2,20.0,31.0,0.0,42.0,7.3,1013.1,0,0.0,0,1,1,0,Neutral
2024-01-19,3225.0,2825.0,3225.0,4,1,4,26.6,22.0,31.0,0.7,54.0,8.2,1013.1,0,0.0,0,1,1,0,Neutral
2024-01-22,3060.0,2740.0,3060.0,5,1,5,26.4,21.0,31.0,0.0,47.0,8.1,1015.4,0,0.0,0,1,1,0,Neutral
2024-01-23,3150.0,2800.0,3150.0,4,1,4,25.7,20.6,31.0,0.0,59.0,6.8,1015.1,0,0.0,0,1,1,0,Neutral
2024-01-24,3175.0,2675.0,3175.0,4,1,4,26.2,22.0,31.2,0.0,41.0,6.8,1014.6,0,0.0,0,1,1,0,Neutral
2024-01-25,3160.0,2720.0,3160.0,5,1,5,25.9,22.0,31.0,0.0,53.0,8.1,1015.4,0,0.0,0,1,1,0,Neutral
2024-01-26,3200.0,2800.0,3200.0,3,1,3,26.0,21.6,31.0,0.0,63.0,9.0,1017.0,0,0.0,0,1,1,0,Neutral
2024-01-29,3280.0,2880.0,3280.0,5,1,5,25.8,22.0,31.0,0.0,69.0,8.1,1016.0,0,0.0,0,1,1,0,Neutral
2024-01-30,3125.0,2775.0,3125.0,4,1,4,25.9,20.0,33.0,0.0,63.0,5.7,1015.3,0,0.0,0,1,1,0,Neutral
2024-01-31,3200.0,2700.0,3200.0,4,1,4,26.8,22.0,33.0,0.0,56.0,6.0,1015.2,0,0.0,0,1,1,0,Neutral
2024-02-01,3300.0,2940.0,3300.0,5,1,5,27.6,22.6,33.0,0.0,3.0,6.3,1015.1,0,0.0,0,1,1,0,Neutral
2024-02-02,3200.0,2900.0,3200.0,4,1,4,27.3,22.0,33.0,0.2,54.0,4.3,1014.6,0,0.0,0,1,1,0,Neutral
2024-02-05,3333.33,2733.33,3333.33,3,1,3,26.7,21.0,32.0,0.0,66.0,8.3,1016.7,0,0.0,0,1,1,0,Neutral
2024-02-06,3260.0,2900.0,3260.0,5,1,5,26.4,20.0,32.4,0.0,61.0,10.2,1016.5,0,0.0,0,1,1,0,Neutral
2024-02-07,3200.0,2733.33,3200.0,3,1,3,27.4,21.0,34.0,0.0,56.0,8.5,1016.0,0,0.0,0,1,1,0,Neutral
2024-02-08,3333.33,2933.33,3333.33,3,1,3,27.8,19.2,35.0,0.0,49.0,8.6,1015.0,0,0.0,0,1,1,0,Neutral
2024-02-09,3220.0,2900.0,3220.0,5,1,5,27.4,21.0,33.0,0.0,62.0,10.8,1015.6,0,0.0,0,1,1,0,Neutral
2024-02-12,3250.0,2850.0,3250.0,4,1,4,25.9,20.6,32.0,0.0,55.0,9.4,1016.9,0,0.0,0,1,1,0,Neutral
2024-02-13,3225.0,2775.0,3225.0,4,1,4,26.9,21.0,32.0,0.0,55.0,9.8,1015.9,0,0.0,0,1,1,0,Neutral
2024-02-14,3100.0,2633.33,3100.0,3,1,3,27.3,23.0,32.0,0.0,71.0,9.6,1015.2,0,0.0,0,1,1,0,Neutral
2024-02-15,3325.0,2825.0,3325.0,4,1,4,26.8,21.0,32.0,0.0,71.0,9.8,1015.1,0,0.0,0,1,1,0,Neutral
2024-02-16,3200.0,2800.0,3200.0,3,1,3,26.7,21.0,32.0,0.0,64.0,9.4,1015.7,0,0.0,0,1,1,0,Neutral
2024-02-19,3300.0,2850.0,3300.0,4,1,4,27.9,22.0,33.0,0.0,65.0,10.3,1014.1,0,0.0,0,1,1,0,Neutral
2024-02-20,3320.0,2840.0,3320.0,5,1,5,28.3,23.0,34.0,0.0,60.0,9.5,1013.8,0,0.0,0,1,1,0,Neutral
2024-02-21,3350.0,3000.0,3350.0,4,1,4,28.7,23.0,35.0,0.0,64.0,6.6,1012.7,0,0.0,0,1,1,0,Neutral
2024-02-22,3180.0,2780.0,3180.0,5,1,5,28.9,24.0,35.0,0.0,210.0,10.8,1012.6,0,0.0,0,1,1,0,Neutral
2024-02-23,3275.0,2825.0,3275.0,4,1,4,29.1,24.0,36.0,0.0,207.0,8.6,1012.6,0,0.0,0,1,1,0,Neutral
2024-02-26,3300.0,2900.0,3300.0,4,1,4,27.8,23.0,33.0,0.0,65.0,12.4,1013.2,0,0.0,0,1,1,0,Neutral
2024-02-27,3275.0,2725.0,3275.0,4,1,4,27.9,23.0,33.0,0.2,67.0,11.3,1013.8,0,0.0,0,1,1,0,Neutral
2024-02-28,3300.0,2900.0,3300.0,4,1,4,28.5,22.0,35.0,0.0,72.0,10.1,1013.1,0,0.0,0,1,1,0,Neutral
2024-02-29,3240.0,2840.0,3240.0,5,1,5,28.9,23.0,34.2,0.0,70.0,10.2,1013.4,0,0.0,0,1,1,0,Neutral
2024-03-01,3340.0,2820.0,3340.0,5,1,5,29.1,23.0,34.0,0.0,70.0,11.7,1014.3,0,0.0,0,1,1,1,Upward
2024-03-04,3300.0,2940.0,3300.0,5,1,5,29.0,22.8,36.0,0.0,76.0,8.0,1012.9,0,0.0,0,1,1,1,Upward
2024-03-05,3360.0,2920.0,3360.0,5,1,5,28.9,23.0,36.0,0.0,89.0,8.2,1013.0,0,0.0,0,1,1,1,Upward
2024-03-06,3375.0,3075.0,3375.0,4,1,4,29.4,23.8,35.4,0.0,145.0,7.3,1012.9,0,0.0,0,1,1,1,Upward
2024-03-07,3375.0,3025.0,3375.0,4,1,4,29.7,23.0,36.0,0.0,63.0,7.7,1011.7,0,0.0,0,1,1,1,Upward
2024-03-08,3300.0,2940.0,3300.0,5,1,5,29.8,22.0,37.0,0.0,232.0,6.1,1011.5,0,0.0,0,1,1,1,Upward
2024-03-11,3350.0,2900.0,3350.0,4,1,4,29.9,24.0,36.0,0.0,85.0,8.7,1014.6,0,0.0,0,1,1,1,Upward
2024-03-12,3275.0,2775.0,3275.0,4,1,4,30.1,24.0,36.0,0.0,76.0,9.3,1014.7,0,0.0,0,1,1,1,Upward
2024-03-13,3425.0,3125.0,3425.0,4,1,4,29.9,23.0,38.0,0.0,236.0,8.2,1013.3,0,0.0,0,1,1,1,Upward
2024-03-14,3340.0,2980.0,3340.0,5,1,5,30.0,25.0,37.0,0.0,215.0,11.5,1013.4,0,0.0,0,1,1,1,Upward
2024-03-15,3450.0,3100.0,3450.0,4,1,4,29.7,25.0,36.0,0.0,202.0,8.6,1010.9,0,0.0,0,1,1,1,Upward
2024-03-18,3325.0,2825.0,3325.0,4,1,4,29.5,24.0,36.0,0.0,82.0,8.8,1013.0,0,0.0,0,1,1,1,Upward
2024-03-19,3450.0,3050.0,3450.0,4,1,4,29.6,23.0,36.0,0.0,63.0,7.4,1012.2,0,0.0,0,1,1,1,Upward
2024-03-20,3425.0,2925.0,3425.0,4,1,4,29.6,23.0,36.0,0.0,63.0,8.4,1012.0,0,0.0,0,1,1,1,Upward
2024-03-21,3500.0,3033.33,3500.0,3,1,3,29.0,24.0,33.8,0.0,81.0,10.0,1012.0,0,0.0,0,1,1,1,Upward
2024-03-22,3340.0,2980.0,3340.0,5,1,5,29.9,25.0,35.0,0.0,92.0,8.9,1010.7,0,0.0,0,1,1,1,Upward
2024-03-25,3225.0,2775.0,3225.0,4,1,4,29.5,23.0,36.0,0.0,75.0,9.0,1012.5,0,0.0,0,1,1,1,Upward
2024-03-26,3366.67,3033.33,3366.67,3,1,3,30.4,25.0,37.0,0.0,107.0,8.0,1012.9,0,0.0,0,1,1,1,Upward
2024-03-27,3200.0,2950.0,3200.0,4,1,4,29.4,23.1,36.0,0.0,63.0,9.9,1015.0,0,0.0,0,1,1,1,Upward
2024-03-28,3400.0,3000.0,3400.0,5,1,5,30.5,25.0,36.0,0.0,62.0,8.8,1014.1,0,0.0,0,1,1,1,Upward
2024-03-29,3425.0,3025.0,3425.0,4,1,4,30.7,26.0,36.0,0.0,125.0,7.9,1013.4,0,0.0,0,1,1,1,Upward
2024-04-01,3500.0,3000.0,3500.0,4,1,4,31.1,25.0,38.0,0.0,166.0,7.3,1012.4,0,0.0,0,1,1,1,Upward
2024-04-02,3450.0,3100.0,3450.0,4,1,4,31.3,26.0,38.0,0.0,211.0,9.1,1010.5,0,0.0,0,1,1,1,Upward
2024-04-03,3440.0,3120.0,3440.0,5,1,5,31.7,27.0,38.0,0.0,210.0,9.0,1010.4,0,0.0,0,1,1,1,Upward
2024-04-04,3380.0,2900.0,3380.0,5,1,5,31.7,26.6,39.0,0.0,162.0,9.2,1010.7,0,0.0,0,1,1,1,Upward
2024-04-05,3475.0,2975.0,3475.0,4,1,4,31.7,26.0,39.0,0.0,186.0,10.6,1010.2,0,0.0,0,1,1,1,Upward
2024-04-08,3360.0,3080.0,3360.0,5,1,5,31.9,26.0,39.0,0.0,179.0,9.5,1009.7,0,0.0,0,1,1,1,Upward
2024-04-09,3440.0,3040.0,3440.0,5,1,5,31.3,26.0,37.0,0.0,79.0,10.1,1010.8,0,0.0,0,1,1,1,Upward
2024-04-10,3420.0,3140.0,3420.0,5,1,5,30.9,25.0,36.0,0.0,91.0,10.0,1011.3,0,0.0,0,1,1,1,Upward
2024-04-11,3400.0,3000.0,3400.0,5,1,5,31.5,26.0,36.2,0.2,81.0,8.5,1011.2,0,0.0,0,1,1,1,Upward
2024-04-12,3400.0,3133.33,3400.0,3,1,3,31.0,27.0,37.0,10.5,78.0,12.7,1011.3,0,0.0,0,1,1,1,Upward
2024-04-15,3475.0,3125.0,3475.0,4,1,4,31.1,25.0,36.0,0.0,77.0,11.6,1012.2,0,0.0,0,1,1,1,Upward
2024-04-16,3480.0,3160.0,3480.0,5,1,5,31.3,26.0,37.0,0.0,77.0,8.0,1012.5,0,0.0,0,1,1,1,Upward
2024-04-17,3500.0,3060.0,3500.0,5,1,5,31.7,26.0,38.0,0.0,224.0,10.1,1011.5,0,0.0,0,1,1,1,Upward
2024-04-18,3475.0,3125.0,3475.0,4,1,4,30.9,26.0,37.0,0.0,219.0,13.1,1010.5,0,0.0,0,1,1,1,Upward
2024-04-19,3466.67,2933.33,3466.67,3,1,3,31.3,26.0,38.2,0.3,215.0,14.2,1008.1,0,0.0,0,1,1,1,Upward
2024-04-22,3425.0,3125.0,3425.0,4,1,4,31.9,26.0,39.0,0.0,202.0,10.7,1009.1,0,0.0,0,1,1,1,Upward
2024-04-23,3466.67,3066.67,3466.67,3,1,3,31.9,27.0,38.0,0.0,152.0,8.8,1008.1,0,0.0,0,1,1,1,Upward
2024-04-24,3366.67,3033.33,3366.67,3,1,3,31.8,26.0,38.0,0.0,166.0,8.7,1008.3,0,0.0,0,1,1,1,Upward
2024-04-25,3440.0,3080.0,3440.0,5,1,5,32.0,26.0,39.0,0.0,155.0,10.2,1008.1,0,0.0,0,1,1,1,Upward
2024-04-26,3540.0,3140.0,3540.0,5,1,5,32.4,27.0,39.0,0.0,165.0,8.6,1008.0,0,0.0,0,1,1,1,Upward
2024-04-29,3375.0,2925.0,3375.0,4,1,4,32.9,27.0,39.0,0.0,94.0,8.4,1009.6,0,0.0,0,1,1,1,Upward
2024-04-30,3500.0,3033.33,3500.0,3,1,3,32.1,27.0,39.0,0.0,218.0,11.1,1008.9,0,0.0,0,1,1,1,Upward
2024-05-01,3333.33,2733.33,3333.33,3,1,3,31.9,27.0,39.0,0.0,218.0,14.2,1008.0,0,0.0,0,1,1,1,Upward
2024-05-02,3366.67,2966.67,3366.67,3,1,3,32.5,27.0,39.0,0.0,221.0,14.7,1006.9,0,0.0,0,1,1,1,Upward
2024-05-03,3400.0,3050.0,3400.0,4,1,4,32.3,28.6,38.2,0.0,221.0,15.5,1008.0,0,0.0,0,1,1,1,Upward
2024-05-06,3460.0,3020.0,3460.0,5,1,5,31.7,26.8,38.0,0.0,222.0,18.1,1008.1,0,0.0,0,1,1,1,Upward
2024-05-07,3420.0,2980.0,3420.0,5,1,5,31.1,25.0,38.0,0.1,217.0,13.1,1009.6,0,0.0,0,1,1,1,Upward
2024-05-08,3450.0,3050.0,3450.0,4,1,4,31.5,27.0,37.2,3.8,205.0,11.7,1009.5,0,0.0,0,1,1,1,Upward
2024-05-09,3300.0,2750.0,3300.0,4,1,4,30.3,26.8,37.0,1.2,209.0,9.4,1008.6,0,0.0,0,1,1,1,Upward
2024-05-10,3475.0,2875.0,3475.0,4,1,4,28.9,24.0,36.0,4.4,291.0,9.6,1010.0,0,0.0,0,1,1,1,Upward
2024-05-13,3400.0,2880.0,3400.0,5,1,5,28.0,22.9,36.8,17.0,34.0,7.1,1010.0,0,0.0,0,1,1,1,Upward
2024-05-14,3500.0,3000.0,3500.0,4,1,4,27.7,24.4,34.0,0.5,337.0,8.7,1010.3,0,0.0,0,1,1,1,Upward
2024-05-15,3350.0,2850.0,3350.0,4,1,4,27.9,23.3,35.0,23.1,297.0,6.8,1010.5,0,0.0,0,1,1,1,Upward
2024-05-16,3525.0,3075.0,3525.0,4,1,4,28.3,24.4,35.7,5.1,229.0,5.6,1010.6,0,0.0,0,1,1,1,Upward
2024-05-17,3420.0,2980.0,3420.0,5,1,5,26.9,24.4,33.4,0.0,242.0,4.8,1009.6,0,0.0,0,1,1,1,Upward
2024-05-20,3533.33,3133.33,3533.33,3,1,3,26.3,24.4,32.8,0.8,231.0,10.0,1006.6,0,0.0,0,1,1,1,Upward
2024-05-21,3425.0,3025.0,3425.0,4,1,4,26.4,23.6,32.0,2.0,245.0,6.6,1005.9,0,0.0,0,1,1,1,Upward
2024-05-22,3425.0,3075.0,3425.0,4,1,4,27.3,23.4,34.0,40.9,6.0,8.3,1004.9,0,0.0,0,1,1,1,Upward
2024-05-23,3425.0,2925.0,3425.0,4,1,4,26.9,22.8,34.0,33.0,222.0,7.1,1004.4,0,0.0,0,1,1,1,Upward
2024-05-24,3460.0,2980.0,3460.0,5,1,5,25.8,23.6,31.2,3.0,218.0,11.1,1004.2,0,0.0,0,1,1,1,Upward
2024-05-27,3480.0,3160.0,3480.0,5,1,5,27.7,24.0,32.0,0.0,222.0,21.4,1006.5,0,0.0,0,1,1,1,Upward
2024-05-28,3500.0,3100.0,3500.0,4,1,4,27.2,25.0,31.0,0.0,225.0,17.6,1007.1,0,0.0,0,1,1,1,Upward
2024-05-29,3560.0,3120.0,3560.0,5,1,5,27.7,24.0,33.0,0.0,219.0,19.1,1006.4,0,0.0,0,1,1,1,Upward
2024-05-30,3500.0,3100.0,3500.0,4,1,4,28.0,25.0,33.0,0.0,220.0,16.5,1006.5,0,0.0,0,1,1,1,Upward
2024-05-31,3450.0,3000.0,3450.0,4,1,4,28.7,25.0,34.4,0.0,220.0,15.2,1007.1,0,0.0,0,1,1,1,Upward
2024-06-03,3175.0,2825.0,3175.0,4,1,4,27.9,24.6,34.6,1.0,208.0,9.9,1009.0,0,0.0,0,1,1,0,Neutral
2024-06-04,3220.0,2900.0,3220.0,5,1,5,28.5,24.6,34.0,0.0,221.0,11.5,1009.6,0,0.0,0,1,1,0,Neutral
2024-06-05,3133.33,2733.33,3133.33,3,1,3,28.7,25.6,33.0,1.0,220.0,13.5,1009.9,0,0.0,0,1,1,0,Neutral
2024-06-06,3200.0,2750.0,3200.0,4,1,4,28.0,25.6,34.0,0.6,231.0,10.0,1010.6,0,0.0,0,1,1,0,Neutral
2024-06-07,3320.0,2920.0,3320.0,5,1,5,27.8,24.0,34.4,1.0,225.0,14.9,1008.9,0,0.0,0,1,1,0,Neutral
2024-06-10,3200.0,2950.0,3200.0,4,1,4,26.7,23.6,32.3,0.0,224.0,21.7,1009.7,0,0.0,0,1,1,0,Neutral
2024-06-11,3225.0,2825.0,3225.0,4,1,4,27.2,24.0,32.0,0.1,220.0,22.5,1009.7,0,0.0,0,1,1,0,Neutral
2024-06-12,3166.67,2633.33,3166.67,3,1,3,26.1,25.0,28.0,0.0,217.0,18.3,1011.0,0,0.0,0,1,1,0,Neutral
2024-06-13,3200.0,2700.0,3200.0,4,1,4,27.3,24.0,33.0,0.2,225.0,16.8,1010.7,0,0.0,0,1,1,0,Neutral
2024-06-14,3300.0,2900.0,3300.0,5,1,5,27.9,24.8,32.0,0.0,222.0,16.8,1009.3,0,0.0,0,1,1,0,Neutral
2024-06-17,3266.67,2933.33,3266.67,3,1,3,28.8,24.8,34.0,0.1,220.0,16.4,1008.5,0,0.0,0,1,1,0,Neutral
2024-07-08,3400.0,2875.0,3400.0,4,1,4,25.1,22.8,30.7,4.1,225.0,19.3,1007.7,0,0.0,0,1,1,0,Neutral
2024-07-09,3400.0,2875.0,3400.0,4,1,4,26.4,22.4,31.2,0.0,222.0,17.3,1008.5,0,0.0,0,1,1,0,Neutral
2024-07-10,3400.0,2875.0,3400.0,4,1,4,27.3,23.0,32.4,1.9,220.0,17.0,1010.5,0,0.0,0,1,1,0,Neutral
2024-07-11,3375.0,2875.0,3375.0,4,1,4,27.0,24.0,31.8,0.0,222.0,16.1,1010.0,0,0.0,0,1,1,0,Neutral
2024-07-12,3375.0,2875.0,3375.0,4,1,4,26.8,23.2,32.2,7.4,225.0,19.8,1008.5,0,0.0,0,1,1,0,Neutral
2024-07-13,3350.0,2875.0,3350.0,4,1,4,25.8,23.0,30.0,1.1,220.0,19.5,1008.4,0,0.0,0,1,1,0,Neutral
2024-07-14,3350.0,2875.0,3350.0,4,1,4,25.7,22.4,30.2,1.0,220.0,20.3,1006.7,0,0.0,0,1,1,0,Neutral
2024-07-15,3350.0,2875.0,3350.0,4,1,4,25.1,23.6,31.4,1.0,224.0,18.2,1006.4,0,0.0,0,1,1,0,Neutral
2024-07-16,3890.91,3418.18,3890.91,11,1,11,24.5,22.2,29.1,13.0,228.0,23.9,1006.8,0,0.0,0,1,1,0,Neutral
2024-07-17,4062.5,3562.5,4062.5,8,1,8,25.6,24.0,30.0,3.0,226.0,21.8,1008.1,0,0.0,0,1,1,0,Neutral
2024-07-18,4144.44,3633.33,4144.44,9,1,9,24.7,22.5,29.8,7.1,227.0,23.5,1008.4,0,0.0,0,1,1,0,Neutral
2024-07-19,4155.56,3666.67,4155.56,9,1,9,26.5,22.5,29.0,1.0,237.0,26.9,1007.1,0,0.0,0,1,1,0,Neutral
2024-07-20,4155.56,3655.56,4155.56,9,1,9,27.8,23.6,31.0,0.0,236.0,27.7,1007.0,0,0.0,0,1,1,0,Neutral
2024-07-21,4100.0,3612.5,4100.0,8,1,8,27.8,22.6,32.0,0.0,237.0,27.0,1007.6,0,0.0,0,1,1,0,Neutral
2024-07-22,4100.0,3625.0,4100.0,8,1,8,27.0,23.8,31.0,0.0,225.0,19.1,1009.9,0,0.0,0,1,1,0,Neutral
2024-07-23,4050.0,3600.0,4050.0,8,1,8,27.3,23.2,32.4,0.0,227.0,20.9,1010.2,0,0.0,0,1,1,0,Neutral
2024-07-24,4012.5,3587.5,4012.5,8,1,8,26.9,23.8,31.2,0.0,224.0,21.4,1008.8,0,0.0,0,1,1,0,Neutral
2024-07-25,4055.56,3633.33,4055.56,9,1,9,25.2,21.6,32.6,8.9,227.0,21.1,1007.3,0,0.0,0,1,1,0,Neutral
2024-07-26,4044.44,3611.11,4044.44,9,1,9,27.7,22.6,32.0,0.8,236.0,23.1,1007.4,0,0.0,0,1,1,0,Neutral
2024-07-27,4000.0,3575.0,4000.0,8,1,8,28.0,23.8,33.4,0.0,236.0,16.9,1008.1,0,0.0,0,1,1,0,Neutral
2024-07-28,4000.0,3562.5,4000.0,8,1,8,27.4,24.0,34.1,0.0,233.0,20.8,1006.4,0,0.0,0,1,1,0,Neutral
2024-07-29,3942.86,3514.29,3942.86,7,1,7,26.0,23.8,29.0,2.2,226.0,21.5,1006.2,0,0.0,0,1,1,0,Neutral
2024-07-30,4000.0,3575.0,4000.0,8,1,8,24.9,22.6,29.0,10.9,222.0,19.9,1009.0,0,0.0,0,1,1,0,Neutral
2024-07-31,4125.0,3562.5,4125.0,8,1,8,24.9,22.4,29.6,0.0,220.0,15.3,1010.2,0,0.0,0,1,1,0,Neutral
2024-08-01,4177.78,3655.56,4177.78,9,1,9,26.1,22.5,30.0,0.5,226.0,18.5,1010.1,0,0.0,0,1,1,0,Neutral
2024-08-02,4125.0,3625.0,4125.0,8,1,8,25.6,22.8,31.2,0.8,219.0,19.0,1009.9,0,0.0,0,1,1,0,Neutral
2024-08-03,4125.0,3612.5,4125.0,8,1,8,26.5,21.6,32.0,0.5,216.0,16.8,1010.8,0,0.0,0,1,1,0,Neutral
2024-08-04,4125.0,3625.0,4125.0,8,1,8,26.6,23.4,32.0,0.0,223.0,15.0,1011.0,0,0.0,0,1,1,0,Neutral
2024-08-05,3925.0,3450.0,3925.0,8,1,8,26.8,23.8,31.0,5.0,219.0,15.4,1010.3,0,0.0,0,1,1,0,Neutral
2024-08-06,4050.0,3575.0,4050.0,8,1,8,26.4,23.4,32.0,0.0,221.0,15.6,1009.5,0,0.0,0,1,1,0,Neutral
2024-08-07,4000.0,3562.5,4000.0,8,1,8,26.6,22.6,30.6,0.0,213.0,13.0,1009.8,0,0.0,0,1,1,0,Neutral
2024-08-08,4044.44,3611.11,4044.44,9,1,9,25.6,23.8,29.0,2.8,216.0,15.6,1011.0,0,0.0,0,1,1,0,Neutral
2024-08-09,3837.5,3375.0,3837.5,8,1,8,26.3,23.0,31.2,6.6,223.0,16.2,1010.8,0,0.0,0,1,1,0,Neutral
2024-08-10,4014.29,3542.86,4014.29,7,1,7,27.1,24.6,32.0,6.0,220.0,16.0,1010.4,0,0.0,0,1,1,0,Neutral
2024-08-11,4133.33,3655.56,4133.33,9,1,9,27.0,24.4,33.2,20.4,218.0,15.7,1008.0,0,0.0,0,1,1,0,Neutral
2024-08-12,4133.33,3666.67,4133.33,9,1,9,28.3,24.0,34.0,12.5,137.0,8.3,1008.4,0,0.0,0,1,1,0,Neutral
2024-08-13,4122.22,3622.22,4122.22,9,1,9,28.5,24.0,34.6,1.0,129.0,9.6,1007.4,0,0.0,0,1,1,0,Neutral
2024-08-14,4111.11,3588.89,4111.11,9,1,9,27.8,24.2,35.0,2.0,230.0,9.8,1007.0,0,0.0,0,1,1,0,Neutral
2024-08-15,4111.11,3611.11,4111.11,9,1,9,27.7,23.6,33.2,6.1,219.0,10.3,1006.5,0,0.0,0,1,1,0,Neutral
2024-08-16,4122.22,3677.78,4122.22,9,1,9,28.4,24.3,34.0,0.0,218.0,12.9,1005.7,0,0.0,0,1,1,0,Neutral
2024-08-17,4122.22,3644.44,4122.22,9,1,9,27.3,24.6,34.2,0.0,227.0,17.8,1006.7,0,0.0,0,1,1,0,Neutral
2024-08-18,4111.11,3666.67,4111.11,9,1,9,28.3,23.6,33.0,0.6,228.0,11.1,1007.9,0,0.0,0,1,1,0,Neutral
2024-08-19,4111.11,3644.44,4111.11,9,1,9,27.7,23.2,33.4,0.6,226.0,15.2,1007.2,0,0.0,0,1,1,0,Neutral
2024-08-20,4111.11,3622.22,4111.11,9,1,9,28.5,22.3,33.0,6.0,225.0,11.8,1007.4,0,0.0,0,1,1,0,Neutral
2024-08-21,4062.5,3587.5,4062.5,8,1,8,26.9,23.6,34.0,0.5,237.0,16.6,1009.4,0,0.0,0,1,1,0,Neutral
2024-08-22,4062.5,3612.5,4062.5,8,1,8,26.9,24.6,31.8,0.0,224.0,20.6,1010.4,0,0.0,0,1,1,0,Neutral
2024-08-23,4087.5,3600.0,4087.5,8,1,8,27.5,23.6,33.0,0.0,223.0,18.5,1010.9,0,0.0,0,1,1,0,Neutral
2024-08-24,4100.0,3625.0,4100.0,8,1,8,27.2,24.8,31.0,0.0,228.0,20.6,1011.9,0,0.0,0,1,1,0,Neutral
2024-08-25,4100.0,3587.5,4100.0,8,1,8,26.9,22.0,32.0,0.0,230.0,20.8,1010.6,0,0.0,0,1,1,0,Neutral
2024-08-26,4037.5,3600.0,4037.5,8,1,8,27.0,24.0,32.6,0.0,225.0,23.2,1009.3,0,0.0,0,1,1,0,Neutral
2024-08-27,4025.0,3625.0,4025.0,8,1,8,27.1,21.6,33.0,0.0,227.0,24.6,1010.2,0,0.0,0,1,1,0,Neutral
2024-08-28,4055.56,3622.22,4055.56,9,1,9,26.8,21.933333333333334,32.8,0.0,227.0,23.24,1010.175,0,0.0,0,1,1,0,Neutral
2024-08-29,4000.0,3562.5,4000.0,8,1,8,26.5,22.26666666666667,32.6,0.0,227.0,21.880000000000003,1010.15,0,0.0,0,1,1,0,Neutral
2024-08-30,4012.5,3612.5,4012.5,8,1,8,26.2,22.6,32.4,0.0,227.0,20.520000000000003,1010.125,0,0.0,0,1,1,0,Neutral
2024-08-31,4077.78,3655.56,4077.78,9,1,9,26.3,22.8,31.3,0.0,227.0,19.16,1010.1,0,0.0,0,1,1,0,Neutral
2024-09-01,4111.11,3688.89,4111.11,9,1,9,26.4,23.0,30.2,0.0,219.0,17.8,1010.075,0,0.0,0,1,1,1,Upward
2024-09-02,4066.67,3644.44,4066.67,9,1,9,26.75,23.2,31.6,0.0,219.0,19.0,1010.05,0,0.0,0,1,1,1,Upward
2024-09-03,4055.56,3622.22,4055.56,9,1,9,27.1,23.4,33.0,0.5,219.0,20.2,1010.025,0,0.0,0,1,1,1,Upward
2024-09-04,4062.5,3650.0,4062.5,8,1,8,27.3,23.2,34.0,0.0,221.0,21.4,1010.0,0,0.0,0,1,1,1,Upward
2024-09-05,4044.44,3633.33,4044.44,9,1,9,27.7,24.0,33.2,0.0,221.0,19.0,1008.8,0,0.0,0,1,1,1,Upward
2024-09-06,4044.44,3611.11,4044.44,9,1,9,27.3,22.8,33.0,0.0,223.0,19.6,1009.5,0,0.0,0,1,1,1,Upward
2024-09-07,4044.44,3611.11,4044.44,9,1,9,27.3,24.0,31.6,0.0,219.0,18.2,1010.5,0,0.0,0,1,1,1,Upward
2024-09-08,4044.44,3622.22,4044.44,9,1,9,26.7,21.4,32.0,0.0,224.0,20.9,1010.6,0,0.0,0,1,1,1,Upward
2024-09-09,3942.86,3514.29,3942.86,7,1,7,27.2,23.8,33.0,0.0,222.0,23.7,1008.8,0,0.0,0,1,1,1,Upward
2024-09-10,3950.0,3525.0,3950.0,8,1,8,28.0,23.4,34.0,0.0,231.0,21.9,1008.4,0,0.0,0,1,1,1,Upward
2024-09-11,3900.0,3500.0,3900.0,8,1,8,27.3,24.0,31.0,0.0,227.0,19.6,1009.9,0,0.0,0,1,1,1,Upward
2024-09-12,3875.0,3487.5,3875.0,8,1,8,27.9,23.6,34.0,0.0,223.0,20.1,1010.7,0,0.0,0,1,1,1,Upward
2024-09-13,3911.11,3522.22,3911.11,9,1,9,27.9,22.1,34.0,0.1,219.0,16.0,1010.7,0,0.0,0,1,1,1,Upward
2024-09-14,3775.0,3312.5,3775.0,8,1,8,27.3,24.0,32.0,1.8,220.0,19.8,1010.7,0,0.0,0,1,1,1,Upward
2024-09-15,3775.0,3312.5,3775.0,8,1,8,27.7,23.0,34.0,0.0,218.0,15.9,1010.8,0,0.0,0,1,1,1,Upward
2024-09-16,3775.0,3337.5,3775.0,8,1,8,27.6,24.0,33.0,0.3,222.0,16.4,1011.0,0,0.0,0,1,1,1,Upward
2024-09-17,3725.0,3312.5,3725.0,8,1,8,27.9,24.0,33.0,0.5,215.0,16.1,1010.7,0,0.0,0,1,1,1,Upward
2024-09-18,3666.67,3266.67,3666.67,9,1,9,27.7,23.0,34.0,0.2,213.0,17.0,1009.5,0,0.0,0,1,1,1,Upward
2024-09-19,3625.0,3250.0,3625.0,8,1,8,27.6,23.0,33.0,0.9,220.0,17.6,1009.6,0,0.0,0,1,1,1,Upward
2024-09-20,3644.44,3255.56,3644.44,9,1,9,27.4,24.0,33.0,0.5,220.0,18.8,1010.0,0,0.0,0,1,1,1,Upward
2024-09-21,3625.0,3225.0,3625.0,8,1,8,27.5,23.0,33.0,0.1,222.0,17.0,1010.0,0,0.0,0,1,1,1,Upward
2024-09-22,3644.44,3255.56,3644.44,9,1,9,27.6,23.0,34.0,0.2,220.0,17.5,1009.2,0,0.0,0,1,1,1,Upward
2024-09-23,3644.44,3277.78,3644.44,9,1,9,27.6,21.8,33.0,0.2,224.0,22.3,1008.6,0,0.0,0,1,1,1,Upward
2024-09-24,3644.44,3266.67,3644.44,9,1,9,26.6,22.0,32.0,0.0,222.0,21.1,1008.3,0,0.0,0,1,1,1,Upward
2024-09-25,3755.56,3288.89,3755.56,9,1,9,27.5,24.0,33.0,0.0,222.0,20.8,1008.4,0,0.0,0,1,1,1,Upward
2024-09-26,3750.0,3250.0,3750.0,8,1,8,27.1,24.0,32.0,0.6,215.0,20.8,1009.1,0,0.0,0,1,1,1,Upward
2024-09-27,3750.0,3250.0,3750.0,8,1,8,27.9,24.0,33.0,0.0,219.0,16.3,1010.9,0,0.0,0,1,1,1,Upward
2024-09-28,3777.78,3300.0,3777.78,9,1,9,27.9,24.0,34.0,7.0,210.0,10.6,1011.6,0,0.0,0,1,1,1,Upward
2024-09-29,3750.0,3325.0,3750.0,8,1,8,29.1,23.2,34.8,5.1,44.0,8.8,1012.3,0,0.0,0,1,1,1,Upward
2024-09-30,3777.78,3344.44,3777.78,9,1,9,28.9,23.6,33.5,0.0,46.0,9.7,1012.2,0,0.0,0,1,1,1,Upward
2024-10-01,3777.78,3333.33,3777.78,9,1,9,28.9,24.0,34.0,0.2,31.0,7.8,1011.1,0,0.0,0,1,1,1,Upward
2024-10-02,3777.78,3366.67,3777.78,9,1,9,28.8,23.6,36.0,2.0,219.0,9.8,1011.5,0,0.0,0,1,1,1,Upward
2024-10-03,3777.78,3288.89,3777.78,9,1,9,29.2,24.8,35.8,1.0,219.0,14.4,1011.7,0,0.0,0,1,1,1,Upward
2024-10-04,3628.57,3214.29,3628.57,7,1,7,29.0,24.3,34.4,0.0,224.0,13.5,1011.4,0,0.0,0,1,1,1,Upward
2024-10-05,3644.44,3211.11,3644.44,9,1,9,27.7,25.0,33.0,7.1,236.0,7.9,1012.1,0,0.0,0,1,1,1,Upward
2024-10-06,3666.67,3255.56,3666.67,9,1,9,26.7,24.0,33.6,0.5,230.0,8.6,1012.0,0,0.0,0,1,1,1,Upward
2024-10-07,3666.67,3255.56,3666.67,9,1,9,26.9,22.8,33.0,4.1,220.0,11.5,1012.7,0,0.0,0,1,1,1,Upward
2024-10-08,3666.67,3244.44,3666.67,9,1,9,26.5,23.1,33.4,9.9,106.0,6.8,1013.2,0,0.0,0,1,1,1,Upward
2024-10-09,3644.44,3233.33,3644.44,9,1,9,25.7,22.6,32.2,9.9,61.0,8.6,1011.6,0,0.0,0,1,1,1,Upward
2024-10-10,3666.67,3266.67,3666.67,9,1,9,26.6,22.2,31.0,7.1,221.0,13.0,1010.3,0,0.0,0,1,1,1,Upward
2024-10-11,3675.0,3250.0,3675.0,8,1,8,26.6,22.8,32.0,0.0,250.0,9.6,1010.2,0,0.0,0,1,1,1,Upward
2024-10-12,3644.44,3277.78,3644.44,9,1,9,25.6,22.6,32.2,7.9,216.0,9.1,1011.0,0,0.0,0,1,1,1,Upward
2024-10-13,3644.44,3244.44,3644.44,9,1,9,24.8,22.0,30.0,9.9,233.0,8.2,1011.6,0,0.0,0,1,1,1,Upward
2024-10-14,3711.11,3300.0,3711.11,9,1,9,24.6,21.6,30.4,58.9,214.0,7.4,1011.6,0,0.0,0,1,1,1,Upward
2024-10-15,3666.67,3266.67,3666.67,9,1,9,25.1,22.0,29.0,23.1,214.0,7.5,1011.4,0,0.0,0,1,1,1,Upward
2024-10-16,3625.0,3187.5,3625.0,8,1,8,24.9,22.8,29.4,0.0,220.0,11.0,1010.9,0,0.0,0,1,1,1,Upward
2024-10-17,3625.0,3212.5,3625.0,8,1,8,26.3,22.2,30.0,5.1,225.0,13.9,1010.5,0,0.0,0,1,1,1,Upward
2024-10-18,3600.0,3185.71,3600.0,7,1,7,27.3,23.0,32.0,0.0,225.0,13.5,1010.8,0,0.0,0,1,1,1,Upward
2024-10-19,3600.0,3133.33,3600.0,9,1,9,26.7,24.0,32.0,0.6,217.0,8.0,1012.3,0,0.0,0,1,1,1,Upward
2024-10-20,3511.11,3022.22,3511.11,9,1,9,27.0,23.0,32.0,7.1,204.0,8.3,1012.8,0,0.0,0,1,1,1,Upward
2024-10-21,3600.0,3211.11,3600.0,9,1,9,26.4,23.3,32.9,7.1,253.0,5.7,1013.2,0,0.0,0,1,1,1,Upward
2024-10-22,3644.44,3244.44,3644.44,9,1,9,26.2,23.0,31.0,0.0,93.0,7.2,1013.3,0,0.0,0,1,1,1,Upward
2024-10-23,3622.22,3211.11,3622.22,9,1,9,26.5,21.0,32.0,87.9,274.0,8.4,1012.6,0,0.0,0,1,1,1,Upward
2024-10-24,3622.22,3222.22,3622.22,9,1,9,26.1,22.1,32.3,27.9,238.0,8.0,1012.4,0,0.0,0,1,1,1,Upward
2024-10-25,3622.22,3222.22,3622.22,9,1,9,25.7,23.0,32.0,1.0,245.0,6.9,1012.9,0,0.0,0,1,1,1,Upward
2024-10-26,3622.22,3166.67,3622.22,9,1,9,26.5,21.6,32.4,10.9,231.0,7.7,1012.3,0,0.0,0,1,1,1,Upward
2024-10-27,3622.22,3244.44,3622.22,9,1,9,27.1,22.5,32.3,0.0,220.0,9.0,1011.4,0,0.0,0,1,1,1,Upward
2024-10-28,3644.44,3244.44,3644.44,9,1,9,27.4,24.0,32.0,0.0,221.0,12.8,1010.8,0,0.0,0,1,1,1,Upward
2024-10-29,3666.67,3233.33,3666.67,9,1,9,27.1,24.0,31.0,0.0,216.0,10.6,1011.8,0,0.0,0,1,1,1,Upward
2024-10-30,3644.44,3211.11,3644.44,9,1,9,27.6,24.0,32.0,0.2,216.0,7.3,1012.1,0,0.0,0,1,1,1,Upward
2024-10-31,3600.0,3200.0,3600.0,8,1,8,27.7,24.0,33.0,0.0,74.0,6.5,1012.8,0,0.0,0,1,1,1,Upward
2024-11-01,3700.0,3312.5,3700.0,8,1,8,25.0,22.5,33.8,45.0,326.0,7.0,1014.2,0,0.0,0,1,1,1,Upward
2024-11-02,3625.0,3200.0,3625.0,8,1,8,26.9,22.6,32.0,25.9,53.0,7.6,1014.4,0,0.0,0,1,1,1,Upward
2024-11-03,3644.44,3233.33,3644.44,9,1,9,27.2,22.4,32.0,0.0,37.0,8.8,1014.3,0,0.0,0,1,1,1,Upward
2024-11-04,3644.44,3255.56,3644.44,9,1,9,25.9,23.0,31.5,0.0,5.0,7.6,1013.5,0,0.0,0,1,1,1,Upward
2024-11-05,3533.33,3122.22,3533.33,9,1,9,26.1,22.2,30.2,31.0,47.0,6.5,1014.0,0,0.0,0,1,1,1,Upward
2024-11-06,3488.89,2988.89,3488.89,9,1,9,27.0,22.6,32.0,0.0,57.0,5.0,1013.8,0,0.0,0,1,1,1,Upward
2024-11-07,3433.33,2944.44,3433.33,9,1,9,26.6,24.0,30.0,4.2,87.0,7.0,1013.8,0,0.0,0,1,1,1,Upward
2024-11-08,3411.11,2944.44,3411.11,9,1,9,27.5,25.0,31.0,0.9,73.0,7.4,1013.7,0,0.0,0,1,1,1,Upward
2024-11-09,3411.11,3000.0,3411.11,9,1,9,27.3,24.0,32.0,0.3,41.0,9.0,1013.8,0,0.0,0,1,1,1,Upward
2024-11-10,3422.22,3011.11,3422.22,9,1,9,27.1,24.0,32.0,0.0,59.0,9.0,1013.5,0,0.0,0,1,1,1,Upward
2024-11-11,3400.0,3022.22,3400.0,9,1,9,27.3,24.0,32.0,0.0,77.0,6.6,1012.5,0,0.0,0,1,1,1,Upward
2024-11-12,3400.0,2977.78,3400.0,9,1,9,27.3,23.0,32.0,0.5,130.0,6.9,1011.7,0,0.0,0,1,1,1,Upward
2024-11-13,3400.0,2966.67,3400.0,9,1,9,25.5,23.4,32.0,0.5,55.0,8.7,1011.4,0,0.0,0,1,1,1,Upward
2024-11-14,3400.0,2988.89,3400.0,9,1,9,25.6,23.0,30.0,1.0,48.0,7.4,1013.0,0,0.0,0,1,1,1,Upward
2024-11-15,3400.0,2966.67,3400.0,9,1,9,25.7,22.6,31.2,18.0,50.0,9.3,1013.5,0,0.0,0,1,1,1,Upward
2024-11-16,3400.0,2987.5,3400.0,8,1,8,24.9,23.2,30.7,0.0,42.0,9.2,1013.0,0,0.0,0,1,1,1,Upward
2024-11-17,3400.0,2977.78,3400.0,9,1,9,25.9,23.0,30.0,3.0,59.0,10.3,1012.6,0,0.0,0,1,1,1,Upward
2024-11-18,3400.0,2977.78,3400.0,9,1,9,25.9,23.0,30.0,0.6,78.0,10.6,1013.2,0,0.0,0,1,1,1,Upward
2024-11-19,3400.0,2977.78,3400.0,9,1,9,26.2,23.0,30.0,1.7,79.0,9.1,1013.9,0,0.0,0,1,1,1,Upward
2024-11-20,3400.0,2966.67,3400.0,9,1,9,25.3,23.0,28.0,0.0,75.0,7.8,1013.8,0,0.0,0,1,1,1,Upward
2024-11-21,3400.0,2988.89,3400.0,9,1,9,23.7,23.0,29.0,0.0,73.0,7.2,1013.8,0,0.0,0,1,1,1,Upward
2024-11-22,3311.11,2944.44,3311.11,9,1,9,25.9,23.0,30.0,0.2,88.0,7.4,1013.4,0,0.0,0,1,1,1,Upward
2024-11-23,3300.0,2922.22,3300.0,9,1,9,26.0,22.0,31.0,0.0,63.0,6.8,1014.0,0,0.0,0,1,1,1,Upward
2024-11-24,3288.89,2911.11,3288.89,9,1,9,26.2,23.0,31.0,0.4,69.0,6.6,1014.0,0,0.0,0,1,1,1,Upward
2024-11-25,3400.0,2975.0,3400.0,8,1,8,25.8,23.0,30.0,0.0,67.0,7.7,1013.0,0,0.0,0,1,1,1,Upward
2024-11-26,3400.0,2977.78,3400.0,9,1,9,24.9,23.0,28.0,17.8,81.0,6.5,1012.2,0,0.0,0,1,1,1,Upward
2024-11-27,3400.0,2966.67,3400.0,9,1,9,24.6,22.0,28.8,0.0,89.0,7.1,1011.3,0,0.0,0,1,1,1,Upward
2024-11-28,3377.78,2944.44,3377.78,9,1,9,25.9,20.8,31.0,0.0,91.0,9.7,1010.4,0,0.0,0,1,1,1,Upward
2024-11-29,3342.86,2928.57,3342.86,7,1,7,24.6,21.0,30.0,2.1,85.0,8.5,1010.4,0,0.0,0,1,1,1,Upward
2024-12-02,3311.11,2933.33,3311.11,9,1,9,25.0,23.0,29.0,5.1,223.0,16.0,1008.0,0,0.0,0,1,1,0,Neutral
2024-12-03,3400.0,2977.78,3400.0,9,1,9,26.2,21.4,31.0,4.1,211.0,12.7,1010.8,0,0.0,0,1,1,0,Neutral
2024-12-04,3400.0,2966.67,3400.0,9,1,9,25.9,23.6,31.8,0.8,53.0,10.6,1012.7,0,0.0,0,1,1,0,Neutral
2024-12-05,3388.89,2966.67,3388.89,9,1,9,26.4,24.0,30.4,0.0,67.0,8.9,1013.5,0,0.0,0,1,1,0,Neutral
2024-12-06,3266.67,2811.11,3266.67,9,1,9,26.7,23.0,31.0,0.0,68.0,8.1,1013.5,0,0.0,0,1,1,0,Neutral
2024-12-07,3200.0,2762.5,3200.0,8,1,8,26.3,21.5,31.0,6.6,62.0,9.2,1012.7,0,0.0,0,1,1,0,Neutral
2024-12-08,3133.33,2655.56,3133.33,9,1,9,25.0,21.5,29.9,0.3,62.0,10.8,1011.4,0,0.0,0,1,1,0,Neutral
2024-12-09,3266.67,2833.33,3266.67,9,1,9,25.0,20.9,29.9,0.2,71.0,10.6,1011.1,0,0.0,0,1,1,0,Neutral
2024-12-10,3288.89,2822.22,3288.89,9,1,9,24.633333333333333,21.175,30.0,0.0,71.0,11.6,1011.275,0,0.0,0,1,1,0,Neutral
2024-12-11,3300.0,2887.5,3300.0,8,1,8,24.266666666666666,21.45,30.1,0.0,71.0,12.6,1011.45,0,0.0,0,1,1,0,Neutral
2024-12-12,3266.67,2844.44,3266.67,9,1,9,23.9,21.725,30.2,0.8,71.0,13.6,1011.625,0,0.0,0,1,1,0,Neutral
2024-12-13,3275.0,2887.5,3275.0,8,1,8,23.2,22.0,25.0,7.1,42.0,14.6,1011.8,0,0.0,0,1,1,0,Neutral
2024-12-14,3250.0,2875.0,3250.0,8,1,8,23.5,22.0,26.0,10.9,83.0,8.7,1014.8,0,0.0,0,1,1,0,Neutral
2024-12-15,3222.22,2822.22,3222.22,9,1,9,23.9,19.2,29.0,0.0,54.0,10.6,1015.5,0,0.0,0,1,1,0,Neutral
2024-12-16,3266.67,2911.11,3266.67,9,1,9,23.9,18.8,29.0,0.0,73.0,10.0,1014.4,0,0.0,0,1,1,0,Neutral
2024-12-17,3275.0,2875.0,3275.0,8,1,8,25.0,19.0,31.0,0.0,60.0,4.5,1013.0,0,0.0,0,1,1,0,Neutral
2024-12-18,3250.0,2837.5,3250.0,8,1,8,26.4,21.0,32.0,0.0,217.0,6.4,1011.8,0,0.0,0,1,1,0,Neutral
2024-12-19,3244.44,2855.56,3244.44,9,1,9,27.4,23.0,33.0,0.1,204.0,5.9,1011.7,0,0.0,0,1,1,0,Neutral
2024-12-20,3244.44,2855.56,3244.44,9,1,9,27.3,23.0,33.0,0.1,207.0,9.0,1011.4,0,0.0,0,1,1,0,Neutral
2024-12-21,3400.0,2942.86,3400.0,7,1,7,27.0,24.0,32.0,0.0,225.0,12.0,1012.2,0,0.0,0,1,1,0,Neutral
2024-12-22,3377.78,2977.78,3377.78,9,1,9,25.7,23.0,30.0,0.1,214.0,7.7,1013.0,0,0.0,0,1,1,0,Neutral
2024-12-23,3512.5,3100.0,3512.5,8,1,8,26.0,21.0,32.0,0.0,223.0,7.3,1012.8,0,0.0,0,1,1,0,Neutral
2024-12-24,3387.5,2962.5,3387.5,8,1,8,25.8,21.0,31.0,0.0,227.0,7.8,1013.0,0,0.0,0,1,1,0,Neutral
2024-12-25,3375.0,2950.0,3375.0,8,1,8,25.8,21.0,32.0,0.0,218.0,7.2,1013.9,0,0.0,0,1,1,0,Neutral
2024-12-26,3387.5,2975.0,3387.5,8,1,8,26.1,23.0,30.0,12.3,68.0,6.5,1015.3,0,0.0,0,1,1,0,Neutral
2024-12-27,3437.5,2975.0,3437.5,8,1,8,25.6,23.0,29.0,14.5,57.0,11.3,1016.8,0,0.0,0,1,1,0,Neutral
2024-12-28,3488.89,3033.33,3488.89,9,1,9,25.8,20.4,30.2,0.0,72.0,9.7,1016.8,0,0.0,0,1,1,0,Neutral
2024-12-29,3511.11,3077.78,3511.11,9,1,9,26.1,22.0,31.0,1.5,74.0,9.8,1016.0,0,0.0,0,1,1,0,Neutral
2024-12-30,3455.56,3033.33,3455.56,9,1,9,26.0,24.0,29.0,10.2,63.0,12.8,1016.0,0,0.0,0,1,1,0,Neutral
2024-12-31,3455.56,3055.56,3455.56,9,1,9,26.5,22.0,31.0,0.3,71.0,13.1,1016.4,0,0.0,0,1,1,0,Neutral
2025-05-02,3700.0,3233.33,3700.0,3,1,3,29.5,24.9,35.5,1.6,33.7,10.7,1008.3,0,0.0,0,1,1,1,Upward
2025-05-04,4000.0,3500.0,4000.0,1,1,1,30.7,25.6,34.5,4.6,213.3,8.6,1009.3,0,0.0,0,1,1,1,Upward
