date,tavg,tmin,tmax,prcp,wdir,wspd,pres
2023-03-15,28.93,21.39,37.22,0.22,137.4,4.932,1011.6068864330989
2023-03-16,28.3,22.31,34.7,0.42,142.0,3.9960000000000004,1012.6735322433403
2023-03-17,27.72,22.01,34.72,7.74,119.5,5.184,1012.2468739192437
2023-03-18,26.88,21.47,33.95,2.6,194.4,7.236,1011.8202155951471
2023-03-19,26.7,20.73,34.57,0.54,262.8,8.496,1011.0735635279781
2023-03-20,26.34,19.3,34.76,1.34,254.7,11.088000000000001,1010.6469052038814
2023-03-21,26.39,18.15,36.09,0.09,250.1,11.34,1011.1802281090022
2023-03-22,26.82,17.75,36.79,0.0,244.5,7.704000000000001,1011.3935572710504
2023-03-23,28.14,19.54,36.82,0.46,236.7,6.732,1011.5002218520746
2023-03-24,28.13,21.85,35.29,5.28,247.3,5.184,1012.0335447571954
2023-03-25,26.19,21.84,31.82,2.18,242.2,5.112,1013.3135197294853
2023-03-26,27.27,21.65,34.7,2.78,264.0,5.796,1012.6735322433403
2023-03-27,26.67,22.44,32.18,0.12,29.8,6.408,1012.4602030812921
2023-03-28,28.95,22.27,35.81,3.73,124.8,5.652,1012.3535385002677
2023-03-29,26.87,21.73,34.06,2.07,242.4,5.508,1013.4201843105095
2023-03-30,27.93,21.45,35.72,4.05,224.2,5.5440000000000005,1012.2468739192437
2023-03-31,28.37,21.5,36.42,0.36,256.4,5.364,1011.6068864330989
2023-04-01,27.58,21.63,35.08,1.81,253.3,7.704000000000001,1012.1402093382195
2023-04-02,27.14,21.45,34.45,1.35,257.6,7.344,1011.3935572710504
2023-04-03,25.33,21.56,29.71,4.44,239.5,4.5,1012.1402093382195
2023-04-04,26.58,21.37,32.95,2.12,231.3,4.356,1012.5668676623163
2023-04-05,27.94,22.79,35.2,0.16,213.5,5.832000000000001,1012.1402093382195
2023-04-06,28.31,22.75,34.95,0.03,102.6,4.248,1012.4602030812921
2023-04-07,28.46,21.77,35.66,0.0,95.1,10.332,1014.2735009587028
2023-04-08,28.68,21.29,35.99,0.03,90.9,12.96,1015.6601405120168
2023-04-09,28.68,21.43,36.66,0.03,91.0,10.296,1015.0201530258717
2023-04-10,29.06,21.94,37.08,0.63,90.2,11.448,1014.0601717966543
2023-04-11,29.18,21.66,37.31,0.2,99.3,9.576,1014.2735009587028
2023-04-12,28.84,22.83,36.26,0.0,86.1,9.0,1013.740178053582
2023-04-13,30.0,22.36,38.6,0.0,97.0,7.848000000000001,1013.6335134725578
2023-04-14,28.95,22.52,36.62,0.0,114.7,6.3,1013.6335134725578
2023-04-15,29.9,22.37,38.18,0.0,99.8,8.46,1012.2468739192437
2023-04-16,28.69,22.76,36.3,0.0,124.2,6.516,1011.5002218520746
2023-04-17,29.31,22.49,37.51,0.0,122.7,6.444,1011.9268801761713
2023-04-18,30.26,22.84,38.64,0.0,115.2,6.8759999999999994,1012.5668676623163
2023-04-19,29.96,23.29,38.4,0.0,227.6,7.5600000000000005,1010.4335760418331
2023-04-20,30.18,23.11,38.6,0.0,252.7,11.124,1008.8336073264707
2023-04-21,29.96,23.21,38.29,0.82,249.8,11.304,1008.6202781644224
2023-04-22,30.29,23.69,37.74,2.0,247.5,7.920000000000001,1009.046936488519
2023-04-23,29.77,24.07,37.01,1.48,244.6,6.803999999999999,1009.3669302315915
2023-04-24,27.82,23.66,33.61,4.0,66.0,6.3,1010.9668989469538
2023-04-25,27.98,23.53,33.78,8.12,102.5,5.724,1011.6068864330989
2023-04-26,25.54,22.41,28.94,5.42,116.7,8.172,1011.8202155951471
2023-04-27,27.33,22.07,33.42,10.67,96.2,8.172,1012.2468739192437
2023-04-28,27.66,21.96,33.92,3.97,100.7,7.452,1012.1402093382195
2023-04-29,26.74,22.82,31.27,16.52,106.5,6.516,1011.6068864330989
2023-04-30,26.9,22.61,32.39,9.33,100.1,6.012,1010.2202468797847
2023-05-01,24.59,22.66,27.14,27.62,292.4,7.452,1010.1135822987605
2023-05-02,26.18,22.71,31.41,5.26,276.3,6.84,1010.7535697849056
2023-05-03,24.42,21.89,27.7,2.62,269.8,9.468,1012.3535385002677
2023-05-04,25.41,21.76,30.5,4.16,245.3,7.452,1011.7135510141229
2023-05-05,24.36,20.76,28.36,0.94,259.1,7.524,1010.9668989469538
2023-05-06,25.44,20.76,31.03,7.11,255.5,8.352,1010.7535697849056
2023-05-07,24.42,21.4,29.43,1.2,266.6,9.72,1010.8602343659296
2023-05-08,25.37,21.24,31.73,4.04,281.7,6.336,1010.5402406228573
2023-05-09,27.14,21.36,34.11,2.15,252.1,6.3,1010.6469052038814
2023-05-10,26.8,22.44,32.1,1.77,259.3,7.452,1010.326911460809
2023-05-11,26.74,22.61,32.68,2.88,256.9,7.5600000000000005,1011.5002218520746
2023-05-12,26.25,21.72,32.5,0.07,244.8,12.816,1012.3535385002677
2023-05-13,27.23,21.74,34.11,0.0,252.6,14.832,1012.6735322433403
2023-05-14,26.72,23.35,32.53,0.0,255.7,12.204,1011.7135510141229
2023-05-15,27.14,23.73,32.09,0.0,253.2,12.78,1012.0335447571954
2023-05-16,28.44,23.37,35.15,0.59,255.0,8.82,1012.3535385002677
2023-05-17,26.83,22.97,30.9,1.97,313.2,7.092,1013.5268488915335
2023-05-18,28.41,22.97,35.12,0.32,251.6,7.920000000000001,1013.5268488915335
2023-05-19,26.84,23.26,31.28,2.41,249.9,7.5600000000000005,1012.9935259864129
2023-05-20,27.75,23.09,33.93,1.2,255.3,9.144,1012.4602030812921
2023-05-21,27.32,23.27,33.03,4.7,251.8,7.344,1013.100190567437
2023-05-22,26.46,22.19,31.34,1.75,254.7,7.02,1013.8468426346061
2023-05-23,27.95,22.02,35.1,0.5,252.5,8.82,1013.8468426346061
2023-05-24,26.31,23.1,30.86,8.25,251.3,9.251999999999999,1014.1668363776785
2023-05-25,26.61,23.01,32.14,1.88,259.8,12.06,1014.486830120751
2023-05-26,27.22,23.2,33.6,5.5,264.3,11.232000000000001,1014.1668363776785
2023-05-27,26.79,23.09,32.05,0.87,256.5,10.296,1012.4602030812921
2023-05-28,27.33,23.23,32.13,0.95,270.0,5.58,1011.5002218520746
2023-05-29,27.11,23.33,32.4,1.74,250.0,5.58,1011.7135510141229
2023-05-30,27.18,23.2,33.17,1.45,258.1,8.748000000000001,1012.4602030812921
2023-05-31,26.46,22.75,31.85,0.62,257.1,7.956,1012.4602030812921
2023-06-01,26.63,22.77,31.7,0.99,250.1,14.04,1012.0335447571954
2023-06-02,26.61,22.89,32.86,5.28,251.1,9.54,1012.1402093382195
2023-06-03,27.33,22.92,33.61,0.8,252.6,11.664000000000001,1011.7135510141229
2023-06-04,26.01,22.75,30.87,1.62,256.7,10.584,1011.8202155951471
2023-06-05,25.91,22.57,30.66,3.12,250.7,13.572000000000001,1011.7135510141229
2023-06-06,26.82,22.51,32.95,1.0,250.3,14.796000000000001,1010.9668989469538
2023-06-07,26.23,23.24,31.3,4.76,254.9,15.659999999999998,1010.9668989469538
2023-06-08,26.12,23.2,31.38,3.05,257.2,15.3,1011.2868926900263
2023-06-09,26.14,22.68,31.51,1.75,258.1,17.568,1010.5402406228573
2023-06-10,25.58,21.79,30.38,1.25,257.9,18.036,1010.326911460809
2023-06-11,26.37,21.92,31.89,0.84,254.1,16.452,1010.0069177177364
2023-06-12,26.05,22.8,30.86,6.42,255.0,15.192,1010.326911460809
2023-06-13,26.1,22.7,30.59,3.77,255.8,15.803999999999998,1010.8602343659296
2023-06-14,25.21,22.26,28.73,1.23,254.8,13.968,1012.0335447571954
2023-06-15,26.9,22.39,32.96,0.2,271.5,15.120000000000001,1011.6068864330989
2023-06-16,27.25,22.55,33.63,0.2,265.1,17.28,1011.1802281090022
2023-06-17,24.99,22.54,28.33,8.81,255.7,14.832,1011.3935572710504
2023-06-18,25.59,22.17,30.39,3.15,262.6,12.708,1011.3935572710504
2023-06-19,25.86,21.84,32.08,0.22,275.8,10.008,1010.0069177177364
2023-06-20,26.27,21.87,32.43,10.16,263.8,9.648000000000001,1009.9002531367123
2023-06-21,26.27,22.25,32.45,12.07,250.3,11.412,1010.1135822987605
2023-06-22,25.17,21.82,30.62,8.3,257.6,11.232000000000001,1010.4335760418331
2023-06-23,24.48,20.93,29.47,0.7,268.1,14.256,1010.8602343659296
2023-06-24,24.97,20.92,29.7,0.15,252.1,14.364,1010.2202468797847
2023-06-25,24.28,20.71,28.14,3.92,255.1,13.932,1010.8602343659296
2023-06-26,24.17,20.18,29.84,1.28,263.2,14.904,1010.8602343659296
2023-06-27,24.46,20.02,29.91,4.86,257.4,14.868,1011.7135510141229
2023-06-28,25.12,19.72,31.04,1.53,259.5,16.02,1012.5668676623163
2023-06-29,25.05,20.32,31.33,3.85,259.8,15.228000000000002,1012.7801968243646
2023-06-30,24.5,20.22,29.59,0.74,260.8,13.68,1012.3535385002677
2023-07-01,25.46,20.22,31.87,1.72,273.6,12.744,1012.5668676623163
2023-07-02,24.44,20.09,29.29,5.09,257.5,17.82,1012.2468739192437
2023-07-03,24.81,22.22,28.96,11.26,265.2,20.628000000000004,1010.8602343659296
2023-07-04,24.49,22.02,28.62,12.95,255.7,26.388,1009.1536010695432
2023-07-05,23.64,22.01,25.9,12.91,258.7,22.788,1008.940271907495
2023-07-06,23.94,21.15,27.64,8.91,259.8,20.232,1010.7535697849056
2023-07-07,23.92,21.05,27.67,10.54,253.6,18.828000000000003,1012.3535385002677
2023-07-08,24.06,20.12,29.34,3.72,265.6,12.888,1012.6735322433403
2023-07-09,25.02,20.05,30.36,1.88,265.2,12.528,1011.8202155951471
2023-07-10,25.25,21.68,30.25,6.04,265.7,10.332,1011.3935572710504
2023-07-11,24.65,20.65,29.81,1.7,270.5,12.096,1011.2868926900263
2023-07-12,24.42,19.65,30.56,0.59,271.4,14.832,1011.3935572710504
2023-07-13,24.4,19.69,29.8,2.46,269.8,15.408000000000001,1012.2468739192437
2023-07-14,24.47,20.89,30.28,0.17,267.5,16.272,1012.7801968243646
2023-07-15,24.94,21.33,29.95,0.69,266.7,14.22,1012.1402093382195
2023-07-16,25.32,21.49,30.49,0.6,263.8,14.04,1011.6068864330989
2023-07-17,25.16,21.69,29.26,1.12,260.3,17.244,1011.2868926900263
2023-07-18,24.59,22.18,28.13,5.76,260.5,22.248,1010.8602343659296
2023-07-19,24.75,22.17,29.21,3.6,262.3,24.588,1009.5802593936398
2023-07-20,25.02,21.94,29.64,1.45,263.9,25.236,1009.4735948126156
2023-07-21,24.56,21.87,28.73,3.5,263.9,25.344,1010.9668989469538
2023-07-22,24.02,21.18,27.8,6.54,264.1,24.840000000000003,1012.0335447571954
2023-07-23,23.57,20.38,28.0,13.19,263.0,20.988,1012.0335447571954
2023-07-24,23.3,20.69,27.56,12.28,260.2,22.176000000000002,1011.5002218520746
2023-07-25,22.68,19.72,26.43,4.81,269.6,16.56,1012.1402093382195
2023-07-26,23.84,19.69,28.53,4.01,262.5,21.096,1012.9935259864129
2023-07-27,23.92,20.57,28.78,1.0,274.9,20.916,1013.100190567437
2023-07-28,24.34,20.62,30.04,0.33,271.4,18.720000000000002,1012.5668676623163
2023-07-29,24.9,20.53,30.69,0.09,275.7,18.756,1012.3535385002677
2023-07-30,25.34,20.49,30.96,0.03,273.2,18.144000000000002,1011.3935572710504
2023-07-31,25.28,21.23,30.83,0.28,266.9,19.656,1011.7135510141229
2023-08-01,25.21,21.21,31.25,0.05,267.8,19.44,1011.9268801761713
2023-08-02,24.57,21.15,29.37,1.11,263.2,17.964000000000002,1012.5668676623163
2023-08-03,25.13,21.12,31.0,0.69,267.7,18.215999999999998,1012.5668676623163
2023-08-04,25.27,21.15,30.97,0.5,265.3,17.496000000000002,1014.0601717966543
2023-08-05,25.6,21.08,31.47,0.18,268.6,16.740000000000002,1014.8068238638234
2023-08-06,25.9,21.55,31.91,1.03,264.0,15.156,1013.100190567437
2023-08-07,25.69,21.18,31.91,0.11,265.8,13.644,1011.6068864330989
2023-08-08,25.09,21.03,30.61,5.91,267.8,12.06,1012.3535385002677
2023-08-09,25.35,21.33,30.64,4.52,265.4,10.764000000000001,1013.4201843105095
2023-08-10,24.91,21.82,29.04,6.04,266.3,7.74,1013.5268488915335
2023-08-11,25.9,21.69,30.65,5.15,261.2,7.848000000000001,1012.5668676623163
2023-08-12,24.8,21.81,28.65,4.76,266.4,10.656,1012.9935259864129
2023-08-13,25.43,21.18,30.93,0.53,261.5,12.024,1012.5668676623163
2023-08-14,25.26,20.6,30.99,0.06,259.3,12.996,1012.7801968243646
2023-08-15,24.91,20.31,30.99,0.1,257.1,12.888,1013.2068551484612
2023-08-16,25.78,20.03,32.36,0.01,254.3,14.148000000000001,1012.9935259864129
2023-08-17,25.66,21.37,31.84,0.03,259.2,16.884,1012.9935259864129
2023-08-18,24.92,20.99,30.25,0.29,260.0,17.136,1012.1402093382195
2023-08-19,25.28,21.5,30.93,0.15,259.4,17.244,1011.3935572710504
2023-08-20,25.99,21.17,32.3,0.46,264.6,15.048,1010.8602343659296
2023-08-21,26.96,20.92,33.69,0.16,269.3,11.412,1010.2202468797847
2023-08-22,26.34,22.23,32.58,4.24,257.6,9.684,1010.8602343659296
2023-08-23,26.16,21.86,33.41,1.95,259.9,12.420000000000002,1011.0735635279781
2023-08-24,25.96,21.61,32.77,0.1,258.3,13.932,1010.9668989469538
2023-08-25,25.26,21.17,31.49,0.0,259.3,11.520000000000001,1011.7135510141229
2023-08-26,26.09,21.1,32.61,0.34,257.7,11.376000000000001,1012.5668676623163
2023-08-27,25.99,21.48,32.34,0.42,261.9,11.772,1012.6735322433403
2023-08-28,26.4,21.63,33.79,0.3,259.9,12.276000000000002,1012.0335447571954
2023-08-29,25.57,21.77,31.64,9.59,258.8,11.448,1011.2868926900263
2023-08-30,24.49,22.18,28.59,5.91,251.9,13.068,1011.8202155951471
2023-08-31,25.33,22.17,30.68,10.69,243.2,11.700000000000001,1011.9268801761713
2023-09-01,25.3,22.07,29.81,15.23,258.8,9.504000000000001,1012.0335447571954
2023-09-02,24.37,21.31,28.52,6.44,252.9,13.788,1012.0335447571954
2023-09-03,23.92,21.17,28.84,4.59,251.5,16.128000000000004,1010.8602343659296
2023-09-04,23.48,20.63,27.67,0.62,264.6,15.588000000000001,1009.7935885556882
2023-09-05,23.68,20.44,28.33,5.56,255.0,16.956,1010.2202468797847
2023-09-06,23.33,20.21,27.01,6.28,249.5,13.788,1011.2868926900263
2023-09-07,23.4,20.52,27.75,7.36,249.1,14.868,1012.2468739192437
2023-09-08,24.45,20.41,29.15,0.78,250.6,16.812,1012.5668676623163
2023-09-09,24.65,21.56,29.99,4.06,254.2,17.532,1012.0335447571954
2023-09-10,23.43,20.14,28.31,5.76,249.3,18.215999999999998,1011.8202155951471
2023-09-11,23.76,20.12,29.14,2.47,261.8,15.768,1012.3535385002677
2023-09-12,24.44,20.56,29.62,1.45,261.9,14.004000000000001,1012.2468739192437
2023-09-13,25.34,21.35,31.3,0.59,263.6,15.264000000000001,1011.8202155951471
2023-09-14,23.99,20.42,28.38,2.75,253.9,14.976,1012.2468739192437
2023-09-15,23.52,20.25,27.47,4.87,247.8,15.876000000000001,1012.9935259864129
2023-09-16,24.57,21.49,29.67,3.14,257.9,14.688,1012.5668676623163
2023-09-17,24.77,21.32,30.1,12.36,255.2,12.168,1011.3935572710504
2023-09-18,24.94,21.25,30.54,14.85,255.2,13.788,1011.6068864330989
2023-09-19,24.85,21.61,29.64,11.77,252.8,13.212,1012.7801968243646
2023-09-20,24.41,21.34,29.38,2.51,257.2,11.556000000000001,1012.8868614053886
2023-09-21,23.94,21.19,28.51,6.34,256.7,8.892000000000001,1012.9935259864129
2023-09-22,24.5,21.2,29.4,5.9,250.5,10.44,1012.5668676623163
2023-09-23,24.5,21.22,29.52,3.98,249.9,13.14,1012.8868614053886
2023-09-24,23.84,21.54,27.26,1.97,259.5,10.656,1012.5668676623163
2023-09-25,24.83,21.37,29.87,0.75,265.5,11.124,1011.5002218520746
2023-09-26,24.8,21.21,30.5,3.03,253.1,13.176,1011.6068864330989
2023-09-27,24.15,20.45,30.12,3.2,256.8,14.004000000000001,1011.9268801761713
2023-09-28,24.08,20.55,28.98,6.38,242.5,15.947999999999999,1012.0335447571954
2023-09-29,23.01,20.37,26.74,4.86,239.1,16.668,1012.2468739192437
2023-09-30,24.41,20.36,28.91,8.78,242.6,17.244,1012.6735322433403
2023-10-01,24.62,22.17,28.57,9.2,244.0,17.784000000000002,1012.5668676623163
2023-10-02,24.58,21.33,29.24,2.1,247.6,14.04,1013.100190567437
2023-10-03,24.95,21.08,30.88,0.24,254.2,12.132000000000001,1013.4201843105095
2023-10-04,24.99,20.44,31.42,0.08,257.8,11.484,1013.4201843105095
2023-10-05,24.38,18.51,31.83,0.15,262.2,10.728,1012.7801968243646
2023-10-06,24.24,18.2,31.6,0.09,264.4,10.152,1012.3535385002677
2023-10-07,24.45,18.9,31.74,0.8,254.5,7.488,1012.4602030812921
2023-10-08,25.29,20.01,31.85,8.93,253.4,8.136,1013.740178053582
2023-10-09,25.0,20.87,30.92,11.52,254.4,7.524,1014.9134884448476
2023-10-10,24.95,20.43,30.74,6.36,269.0,9.036,1014.3801655397268
2023-10-11,23.6,20.21,27.61,13.09,280.0,8.1,1014.0601717966543
2023-10-12,24.4,21.33,28.46,1.46,58.1,4.248,1014.9134884448476
2023-10-13,25.07,21.24,29.41,3.39,62.0,4.824000000000001,1015.5534759309925
2023-10-14,24.4,21.01,28.68,30.71,16.8,3.6,1015.3401467689442
2023-10-15,23.3,21.7,25.49,11.31,231.6,5.6160000000000005,1013.8468426346061
2023-10-16,24.14,20.84,28.9,16.1,259.3,6.5520000000000005,1014.3801655397268
2023-10-17,23.05,20.41,25.5,6.14,22.4,4.428,1015.3401467689442
2023-10-18,25.03,20.81,29.38,0.32,86.8,6.156,1015.5534759309925
2023-10-19,25.07,20.82,29.98,1.97,84.4,5.976,1015.4468113499685
2023-10-20,25.09,20.18,30.29,0.45,81.1,6.336,1015.126817606896
2023-10-21,25.18,19.87,30.41,0.53,73.3,6.696000000000001,1015.5534759309925
2023-10-22,25.08,20.87,30.1,0.23,10.7,5.688000000000001,1015.4468113499685
2023-10-23,24.49,21.24,28.85,0.6,246.5,4.464,1014.8068238638234
2023-10-24,24.97,21.17,30.15,2.1,255.1,4.824000000000001,1014.5934947017752
2023-10-25,24.98,21.16,29.89,24.81,269.3,3.3480000000000003,1015.4468113499685
2023-10-26,25.0,20.95,29.57,1.0,98.4,4.680000000000001,1015.3401467689442
2023-10-27,25.04,20.74,29.34,0.3,93.8,5.976,1014.2735009587028
2023-10-28,24.87,21.2,28.82,0.56,90.6,6.084,1014.0601717966543
2023-10-29,23.58,20.84,27.05,7.75,89.3,7.848000000000001,1014.3801655397268
2023-10-30,22.92,20.38,26.83,8.68,84.2,7.956,1014.7001592827993
2023-10-31,23.48,20.26,27.76,6.36,74.0,7.308,1015.126817606896
2023-11-01,24.69,20.28,28.54,19.63,62.6,6.012,1014.486830120751
2023-11-02,24.4,21.21,28.88,4.41,102.6,6.9479999999999995,1013.8468426346061
2023-11-03,24.1,21.06,28.16,11.3,83.7,7.092,1012.5668676623163
2023-11-04,24.4,21.08,28.8,30.96,42.6,3.8520000000000003,1012.5668676623163
2023-11-05,22.61,20.79,24.57,6.1,97.8,3.708,1014.486830120751
2023-11-06,24.63,20.72,29.04,15.55,47.4,2.088,1015.4468113499685
2023-11-07,23.62,20.84,26.89,10.21,123.7,5.976,1014.9134884448476
2023-11-08,24.08,20.95,27.76,28.47,120.3,4.5,1014.8068238638234
2023-11-09,22.73,19.63,25.92,7.37,74.2,7.74,1015.8734696740651
2023-11-10,23.18,19.57,27.28,0.94,74.5,9.395999999999999,1016.6201217412341
2023-11-11,22.77,18.61,27.06,0.23,67.3,9.756,1016.7267863222582
2023-11-12,22.12,17.88,26.52,0.02,58.1,9.216000000000001,1016.51345716021
2023-11-13,23.09,17.73,26.95,1.68,55.8,8.352,1015.6601405120168
2023-11-14,21.66,18.95,25.87,2.53,41.2,9.54,1014.7001592827993
2023-11-15,23.85,18.8,27.74,0.79,27.2,4.284,1014.486830120751
2023-11-16,24.03,20.73,27.17,0.17,64.6,4.104,1015.2334821879202
2023-11-17,24.31,20.45,28.42,1.45,85.7,6.408,1014.9134884448476
2023-11-18,24.47,20.22,28.93,0.49,69.4,9.251999999999999,1014.7001592827993
2023-11-19,23.45,20.42,27.99,0.02,76.8,10.836,1014.8068238638234
2023-11-20,24.25,20.34,28.49,0.0,53.9,6.12,1014.486830120751
2023-11-21,24.74,20.7,28.59,10.41,85.0,4.896000000000001,1013.3135197294853
2023-11-22,23.48,21.7,25.87,29.8,101.6,5.796,1013.4201843105095
2023-11-23,23.33,20.85,26.94,7.63,83.7,10.116,1012.3535385002677
2023-11-24,23.29,20.61,26.14,0.78,86.8,9.036,1013.5268488915335
2023-11-25,23.6,20.93,27.17,4.61,67.2,11.16,1014.9134884448476
2023-11-26,23.32,20.77,26.9,4.05,66.9,14.22,1014.9134884448476
2023-11-27,23.51,20.2,27.95,2.4,73.9,11.16,1014.0601717966543
2023-11-28,23.54,20.09,27.19,1.72,74.8,9.432,1012.8868614053886
2023-11-29,22.67,19.68,26.48,2.1,72.9,9.251999999999999,1013.6335134725578
2023-11-30,22.77,19.68,26.83,1.08,72.7,8.928,1014.2735009587028
2023-12-01,23.9,19.52,28.01,0.9,67.3,6.8759999999999994,1013.100190567437
2023-12-02,24.26,20.68,28.02,1.6,34.5,4.572,1012.0335447571954
2023-12-03,24.92,21.08,29.87,2.38,327.8,6.5520000000000005,1011.1802281090022
2023-12-04,24.65,20.79,29.77,0.09,292.1,7.344,1010.5402406228573
2023-12-05,24.27,20.54,29.23,0.02,261.5,7.308,1010.9668989469538
2023-12-06,24.22,20.67,29.23,0.0,253.1,5.5440000000000005,1012.5668676623163
2023-12-07,24.53,20.51,29.08,10.94,280.5,4.896000000000001,1013.2068551484612
2023-12-08,23.34,21.88,24.98,33.85,64.0,3.744,1013.8468426346061
2023-12-09,22.95,20.64,25.52,7.44,74.9,9.360000000000001,1014.5934947017752
2023-12-10,23.21,20.33,27.69,1.81,81.3,9.864,1014.3801655397268
2023-12-11,22.58,19.74,27.1,0.56,79.5,8.964,1014.3801655397268
2023-12-12,22.28,19.14,26.11,0.44,81.1,8.568,1013.5268488915335
2023-12-13,21.8,17.61,26.56,0.02,74.6,9.9,1014.3801655397268
2023-12-14,21.14,17.39,26.49,0.0,70.6,11.088000000000001,1015.5534759309925
2023-12-15,22.84,17.21,27.4,0.12,64.4,8.424,1015.126817606896
2023-12-16,23.8,20.22,28.12,2.12,67.5,11.304,1014.3801655397268
2023-12-17,22.31,19.99,25.5,15.7,63.6,14.004000000000001,1014.3801655397268
2023-12-18,21.41,19.29,24.13,4.05,68.2,15.084000000000001,1015.4468113499685
2023-12-19,20.82,18.54,23.72,0.28,67.3,13.644,1015.9801342550892
2023-12-20,22.15,18.18,26.79,1.35,70.1,12.168,1015.9801342550892
2023-12-21,22.52,18.98,26.92,0.7,77.0,11.34,1016.0867988361134
2023-12-22,22.8,18.98,27.92,0.02,81.9,9.648000000000001,1015.9801342550892
2023-12-23,20.46,15.61,25.52,0.0,77.5,10.8,1017.153444646355
2023-12-24,21.74,15.29,26.2,0.15,68.9,10.476,1017.4734383894273
2023-12-25,22.83,18.63,27.87,0.53,71.3,15.120000000000001,1016.7267863222582
2023-12-26,21.33,17.27,27.29,0.01,72.6,14.184,1017.0467800653307
2023-12-27,21.71,17.15,27.74,0.01,67.2,14.544,1016.6201217412341
2023-12-28,22.75,17.42,28.21,0.06,69.6,14.796000000000001,1015.9801342550892
2023-12-29,22.95,19.22,28.18,0.8,72.5,14.508000000000001,1016.0867988361134
2023-12-30,21.56,17.18,26.88,0.15,72.2,13.032,1016.0867988361134
2023-12-31,21.64,16.96,27.16,0.0,82.4,11.268,1015.9801342550892
2024-01-01,22.37,17.61,27.86,0.0,87.9,8.28,1016.0867988361134
2024-01-02,22.2,18.53,26.79,1.03,81.3,9.072000000000001,1015.3401467689442
2024-01-03,22.44,18.44,27.14,1.84,84.1,7.416,1014.9134884448476
2024-01-04,22.58,19.51,26.56,12.55,88.4,7.632000000000001,1014.9134884448476
2024-01-05,22.84,19.69,26.88,4.97,84.1,8.424,1014.486830120751
2024-01-06,22.01,18.99,25.71,1.43,71.8,9.0,1014.9134884448476
2024-01-07,22.78,18.69,26.88,0.42,65.0,11.16,1014.7001592827993
2024-01-08,22.96,19.78,27.12,5.36,75.5,14.4,1015.3401467689442
2024-01-09,21.99,19.04,26.07,12.85,67.1,14.436,1015.4468113499685
2024-01-10,21.56,18.17,25.63,0.2,71.1,12.456,1015.766805093041
2024-01-11,21.56,17.68,27.46,0.0,72.7,14.364,1015.4468113499685
2024-01-12,21.72,17.25,27.68,0.0,76.0,14.904,1016.0867988361134
2024-01-13,22.36,17.04,28.08,0.0,75.3,12.24,1016.4067925791859
2024-01-14,22.45,17.42,29.15,0.0,79.0,9.828,1015.766805093041
2024-01-15,21.82,16.38,28.65,0.0,84.5,8.496,1015.6601405120168
2024-01-16,21.78,16.24,28.3,0.0,97.5,7.056,1014.7001592827993
2024-01-17,21.62,15.32,28.23,0.0,97.5,6.768,1014.2735009587028
2024-01-18,22.34,15.27,28.68,0.0,96.1,6.12,1015.0201530258717
2024-01-19,23.76,17.64,29.96,0.51,91.4,7.632000000000001,1014.8068238638234
2024-01-20,23.83,19.16,29.57,0.33,83.7,9.648000000000001,1015.9801342550892
2024-01-21,23.44,18.31,30.04,0.01,85.0,9.072000000000001,1016.3001279981617
2024-01-22,23.58,18.14,30.64,0.0,86.0,8.784,1017.153444646355
2024-01-23,23.23,18.0,30.01,0.09,96.9,7.524,1016.3001279981617
2024-01-24,23.88,18.28,30.13,0.2,117.5,4.86,1016.0867988361134
2024-01-25,23.23,17.81,29.77,0.0,87.6,8.748000000000001,1017.3667738084032
2024-01-26,22.68,17.59,30.06,0.0,80.0,11.592,1018.7534133617173
2024-01-27,22.89,17.81,30.06,0.0,77.5,12.6,1018.3267550376207
2024-01-28,23.03,17.31,30.23,0.0,78.8,11.592,1017.9000967135241
2024-01-29,22.4,15.51,30.74,0.0,75.8,9.936,1017.2601092273791
2024-01-30,23.61,15.23,31.42,0.0,88.3,6.732,1016.51345716021
2024-01-31,24.06,17.68,31.9,0.0,213.3,6.084,1016.6201217412341
2024-02-01,24.84,18.65,32.92,0.0,261.8,5.112,1016.4067925791859
2024-02-02,25.35,19.67,32.15,0.06,127.1,4.428,1015.9801342550892
2024-02-03,25.32,19.19,32.37,0.03,93.5,9.432,1016.8334509032824
2024-02-04,23.84,17.37,32.01,0.0,77.9,11.196,1018.4334196186448
2024-02-05,23.27,16.58,32.2,0.0,77.1,11.916,1018.4334196186448
2024-02-06,23.34,16.36,32.4,0.0,77.4,12.06,1017.9000967135241
2024-02-07,23.51,16.06,33.01,0.0,79.2,11.520000000000001,1017.5801029704515
2024-02-08,23.99,15.62,33.75,0.0,81.5,10.656,1016.7267863222582
2024-02-09,23.77,16.67,32.73,0.0,84.4,12.204,1017.4734383894273
2024-02-10,24.25,17.57,32.26,0.0,79.6,13.824,1018.2200904565964
2024-02-11,23.93,16.38,32.74,0.0,79.9,13.68,1018.540084199669
2024-02-12,23.5,16.2,32.7,0.0,80.2,14.004000000000001,1018.0067612945481
2024-02-13,24.52,17.46,32.45,0.0,76.6,12.564000000000002,1017.2601092273791
2024-02-14,24.96,18.12,33.06,0.0,82.4,13.248000000000001,1016.4067925791859
2024-02-15,24.4,17.93,32.81,0.0,80.2,14.292000000000002,1016.51345716021
2024-02-16,24.63,18.01,33.22,0.0,79.7,14.112,1016.4067925791859
2024-02-17,24.96,17.7,34.11,0.0,82.4,10.908,1015.3401467689442
2024-02-18,24.85,17.45,34.07,0.0,86.8,9.9,1015.126817606896
2024-02-19,25.85,18.66,33.86,0.0,88.3,9.756,1015.4468113499685
2024-02-20,26.6,20.04,34.15,0.16,103.8,7.632000000000001,1015.3401467689442
2024-02-21,27.26,21.3,34.91,0.01,263.6,6.66,1014.5934947017752
2024-02-22,27.0,20.04,35.84,0.0,257.1,8.316,1014.8068238638234
2024-02-23,27.25,19.74,36.33,0.0,255.0,7.596,1013.9535072156302
2024-02-24,27.77,20.11,35.31,0.0,231.1,4.644,1013.740178053582
2024-02-25,27.09,20.39,35.05,0.0,91.4,11.844000000000001,1013.5268488915335
2024-02-26,26.86,20.32,34.79,0.0,82.7,17.496000000000002,1014.1668363776785
2024-02-27,27.16,20.53,34.41,0.0,83.4,15.48,1014.5934947017752
2024-02-28,26.86,20.23,35.86,0.0,81.9,12.528,1014.0601717966543
2024-02-29,26.82,19.59,35.52,0.0,85.0,12.24,1015.126817606896
2024-03-01,25.3,18.33,32.9,0.0,83.8,12.636,1015.9801342550892
2024-03-02,26.83,17.91,35.41,0.0,95.5,8.532,1015.3401467689442
2024-03-03,27.37,20.04,36.22,0.0,99.1,7.164,1014.486830120751
2024-03-04,28.37,20.12,37.37,0.0,102.7,6.156,1014.486830120751
2024-03-05,28.46,20.14,37.5,0.0,99.4,7.128,1014.3801655397268
2024-03-06,28.67,21.43,37.32,0.0,109.2,5.867999999999999,1014.3801655397268
2024-03-07,28.61,21.72,37.65,0.0,108.7,6.5520000000000005,1014.0601717966543
2024-03-08,29.11,21.84,37.56,0.0,211.5,4.716,1014.2735009587028
2024-03-09,29.57,21.8,37.94,0.0,183.2,4.716,1014.3801655397268
2024-03-10,29.53,22.6,37.38,0.0,117.9,5.364,1015.9801342550892
2024-03-11,29.37,21.95,37.0,0.0,97.4,8.136,1017.0467800653307
2024-03-12,28.99,22.01,37.23,0.0,103.1,8.928,1016.3001279981617
2024-03-13,29.01,22.39,37.54,0.32,222.1,5.760000000000001,1015.766805093041
2024-03-14,29.3,22.59,37.2,0.08,249.6,7.056,1014.9134884448476
2024-03-15,30.06,22.73,38.0,0.06,208.8,5.112,1014.0601717966543
2024-03-16,29.29,21.59,37.91,0.03,109.9,7.452,1014.3801655397268
2024-03-17,28.76,20.89,37.49,0.0,111.3,8.856,1014.7001592827993
2024-03-18,28.82,21.95,37.38,0.0,109.6,7.308,1014.2735009587028
2024-03-19,29.02,21.95,37.75,0.0,106.8,8.028,1013.740178053582
2024-03-20,28.92,21.55,37.96,0.11,102.5,7.848000000000001,1013.740178053582
2024-03-21,29.31,21.31,36.93,0.01,94.6,10.296,1013.5268488915335
2024-03-22,29.86,22.81,37.53,0.19,91.9,8.46,1011.8202155951471
2024-03-23,29.7,22.63,37.48,0.28,96.4,8.712,1012.6735322433403
2024-03-24,29.15,20.76,37.85,0.02,85.9,11.520000000000001,1014.1668363776785
2024-03-25,29.07,20.14,37.6,0.12,82.9,11.664000000000001,1014.486830120751
2024-03-26,29.07,21.15,38.22,0.0,84.0,9.9,1015.3401467689442
2024-03-27,28.81,21.16,38.23,0.0,85.3,8.964,1016.0867988361134
2024-03-28,30.21,21.3,39.24,0.19,95.7,7.164,1014.3801655397268
2024-03-29,30.54,23.7,38.84,0.1,88.6,8.172,1013.9535072156302
2024-03-30,30.4,23.67,38.51,0.0,86.9,7.704000000000001,1014.8068238638234
2024-03-31,30.38,23.35,38.86,0.0,150.4,3.672,1014.486830120751
2024-04-01,30.89,23.87,39.53,0.0,241.9,5.5440000000000005,1012.6735322433403
2024-04-02,31.08,24.14,39.68,0.39,238.8,6.48,1011.8202155951471
2024-04-03,30.97,24.33,39.58,0.17,242.4,6.516,1012.2468739192437
2024-04-04,31.19,24.39,39.65,0.58,132.9,6.9479999999999995,1012.5668676623163
2024-04-05,31.76,24.63,40.47,0.09,206.0,5.796,1011.7135510141229
2024-04-06,30.78,24.56,38.11,0.0,121.0,7.416,1011.3935572710504
2024-04-07,31.22,24.36,39.74,0.0,230.9,7.488,1010.9668989469538
2024-04-08,31.89,24.59,40.34,0.09,117.2,5.472,1011.7135510141229
2024-04-09,31.06,23.74,39.08,0.18,95.2,11.196,1012.4602030812921
2024-04-10,30.76,23.14,38.6,0.66,94.7,11.088000000000001,1012.5668676623163
2024-04-11,30.73,23.62,38.84,8.57,98.2,9.324,1012.7801968243646
2024-04-12,28.75,22.98,35.67,6.99,94.0,9.684,1012.8868614053886
2024-04-13,28.44,22.49,35.22,1.59,97.0,8.1,1013.3135197294853
2024-04-14,28.78,22.29,36.49,0.01,89.7,10.404,1013.4201843105095
2024-04-15,29.77,21.83,37.71,0.0,91.1,11.196,1013.740178053582
2024-04-16,30.33,22.77,38.27,0.0,114.2,9.0,1012.7801968243646
2024-04-17,30.3,25.15,37.6,0.0,250.4,8.316,1012.2468739192437
2024-04-18,29.47,25.02,36.0,0.0,251.1,10.224,1011.1802281090022
2024-04-19,29.5,24.93,35.72,0.0,245.8,10.08,1010.1135822987605
2024-04-20,30.79,24.21,38.71,0.01,246.8,8.316,1010.0069177177364
2024-04-21,31.59,23.96,39.48,0.86,212.8,5.832000000000001,1010.326911460809
2024-04-22,30.47,25.2,37.73,0.23,241.1,7.884,1011.2868926900263
2024-04-23,30.68,25.07,37.82,0.01,201.5,5.58,1010.2202468797847
2024-04-24,30.1,23.8,36.67,0.15,221.1,5.508,1010.2202468797847
2024-04-25,31.22,23.48,38.3,0.01,122.0,8.604000000000001,1009.9002531367123
2024-04-26,31.38,25.22,39.24,0.0,127.6,6.984,1010.0069177177364
2024-04-27,31.17,25.02,38.86,0.0,103.5,6.696000000000001,1010.2202468797847
2024-04-28,32.01,24.55,40.2,0.0,108.2,7.74,1010.8602343659296
2024-04-29,32.04,24.81,40.97,0.0,122.1,6.803999999999999,1011.2868926900263
2024-04-30,31.67,24.61,41.05,0.15,252.2,9.612,1010.326911460809
2024-05-01,31.89,25.07,40.87,0.03,253.9,11.700000000000001,1008.8336073264707
2024-05-02,32.16,25.74,40.06,0.01,249.7,11.376000000000001,1009.3669302315915
2024-05-03,30.18,25.06,36.88,0.45,257.4,13.824,1010.6469052038814
2024-05-04,29.89,23.53,38.39,6.17,256.1,10.692,1010.6469052038814
2024-05-05,30.01,23.51,38.73,0.78,254.4,12.852,1010.0069177177364
2024-05-06,30.68,23.65,39.6,2.71,253.3,13.14,1010.6469052038814
2024-05-07,30.14,24.8,38.63,0.81,257.4,9.107999999999999,1011.9268801761713
2024-05-08,29.78,24.47,35.68,2.67,340.5,6.048,1011.0735635279781
2024-05-09,28.8,24.35,34.81,7.67,270.7,3.9960000000000004,1010.9668989469538
2024-05-10,26.79,23.61,30.91,1.96,221.1,3.492,1012.1402093382195
2024-05-11,27.97,23.6,32.99,9.03,217.5,4.5,1012.7801968243646
2024-05-12,27.18,24.19,31.22,6.71,239.4,3.168,1012.3535385002677
2024-05-13,26.91,23.55,30.9,5.96,87.4,5.724,1011.8202155951471
2024-05-14,27.61,23.44,33.3,4.34,88.7,4.32,1012.1402093382195
2024-05-15,28.56,23.43,35.09,11.23,97.4,5.004,1012.0335447571954
2024-05-16,26.63,23.09,30.79,1.27,79.3,5.148,1012.3535385002677
2024-05-17,27.65,22.87,34.04,27.61,123.9,4.428,1010.7535697849056
2024-05-18,26.07,23.4,30.38,14.68,232.0,7.416,1009.046936488519
2024-05-19,25.2,23.24,29.35,19.17,231.8,13.860000000000001,1007.2336386111084
2024-05-20,23.78,22.38,25.12,15.93,323.5,8.748000000000001,1008.3002844213499
2024-05-21,25.18,22.55,29.14,24.52,60.1,5.652,1008.0869552593017
2024-05-22,25.69,22.51,29.1,24.47,79.2,12.24,1006.2736573818911
2024-05-23,24.93,23.29,27.06,9.99,35.2,6.8759999999999994,1005.2070115716493
2024-05-24,25.63,23.3,29.47,10.78,267.6,13.356,1006.5936511249635
2024-05-25,24.52,21.5,28.58,0.91,273.5,13.5,1008.1936198403257
2024-05-26,25.06,21.48,28.17,1.27,263.0,17.172,1008.6202781644224
2024-05-27,25.58,21.46,29.72,2.18,257.8,17.928,1009.3669302315915
2024-05-28,24.85,22.91,27.95,4.92,264.7,16.092,1009.7935885556882
2024-05-29,25.45,22.73,29.49,7.59,260.4,14.148000000000001,1009.1536010695432
2024-05-30,26.09,22.84,30.75,0.65,260.4,14.04,1009.3669302315915
2024-05-31,26.34,23.2,29.33,3.18,271.0,11.34,1009.5802593936398
2024-06-01,25.94,22.82,29.17,5.93,265.1,11.952,1010.5402406228573
2024-06-02,25.37,22.83,28.78,8.73,262.9,5.508,1011.2868926900263
2024-06-03,25.57,22.63,29.64,2.03,262.3,8.388,1011.2868926900263
2024-06-04,25.79,22.57,30.17,1.41,248.0,11.052,1012.0335447571954
2024-06-05,25.25,22.54,28.72,3.96,241.5,9.18,1012.3535385002677
2024-06-06,24.0,21.23,27.45,24.11,245.3,10.476,1012.9935259864129
2024-06-07,24.64,21.1,29.14,1.47,239.1,11.664000000000001,1011.7135510141229
2024-06-08,24.97,22.1,28.31,6.05,244.4,16.452,1011.2868926900263
2024-06-09,24.56,21.47,28.29,2.87,256.9,17.028000000000002,1011.1802281090022
2024-06-10,24.58,21.17,28.52,3.25,260.5,19.656,1012.0335447571954
2024-06-11,24.29,21.09,27.94,4.51,257.6,14.796000000000001,1012.3535385002677
2024-06-12,24.16,20.67,28.84,3.9,267.0,15.984000000000002,1013.2068551484612
2024-06-13,24.25,20.46,30.03,0.9,265.1,13.716000000000001,1012.6735322433403
2024-06-14,25.21,20.8,30.56,0.33,263.0,11.879999999999999,1011.7135510141229
2024-06-15,25.2,22.02,29.78,0.49,257.2,12.744,1010.9668989469538
2024-06-16,25.48,21.38,30.61,1.82,259.2,12.168,1010.8602343659296
2024-06-17,24.56,20.93,29.38,2.7,258.2,11.520000000000001,1011.7135510141229
2024-06-18,25.08,20.9,29.74,9.94,251.6,14.364,1011.1802281090022
2024-06-19,24.66,22.0,28.84,5.65,248.6,15.624,1010.326911460809
2024-06-20,24.24,21.42,28.81,1.7,247.1,16.236,1010.6469052038814
2024-06-21,24.18,21.44,28.3,1.41,261.5,15.3,1010.4335760418331
2024-06-22,23.27,21.25,26.67,4.18,256.3,13.968,1009.1536010695432
2024-06-23,23.28,21.19,26.97,7.57,256.7,19.259999999999998,1008.4069490023742
2024-06-24,23.42,21.32,27.36,8.68,255.2,22.32,1008.5136135833983
2024-06-25,23.71,21.76,27.84,30.26,255.0,24.48,1008.6202781644224
2024-06-26,23.29,20.73,27.06,7.39,262.4,22.32,1009.046936488519
2024-06-27,23.3,20.89,26.7,2.54,262.4,19.044,1010.7535697849056
2024-06-28,23.75,20.89,28.59,3.81,256.2,14.472,1010.8602343659296
2024-06-29,23.99,21.14,27.53,3.44,251.2,12.708,1011.5002218520746
2024-06-30,24.16,21.24,27.85,6.13,262.3,11.988000000000001,1012.5668676623163
2024-07-01,23.32,20.27,27.33,15.1,257.4,11.556000000000001,1012.5668676623163
2024-07-02,24.08,20.17,28.57,3.41,267.3,12.168,1010.8602343659296
2024-07-03,24.57,21.04,28.82,3.76,258.1,14.652000000000001,1011.7135510141229
2024-07-04,23.98,20.98,27.86,0.82,266.7,13.968,1012.2468739192437
2024-07-05,23.97,20.95,27.6,2.22,254.0,14.544,1011.1802281090022
2024-07-06,23.15,21.32,25.46,3.62,256.9,15.768,1010.326911460809
2024-07-07,23.78,21.0,27.94,3.4,261.2,16.956,1010.0069177177364
2024-07-08,23.19,20.85,26.44,2.67,251.6,17.46,1009.2602656505674
2024-07-09,23.41,21.04,26.79,2.27,249.7,14.76,1010.8602343659296
2024-07-10,23.71,20.73,27.84,3.51,253.0,13.932,1012.9935259864129
2024-07-11,23.65,20.53,28.5,0.51,266.7,11.952,1011.5002218520746
2024-07-12,24.36,20.45,29.35,16.27,261.1,15.984000000000002,1010.9668989469538
2024-07-13,22.88,20.75,26.07,4.56,261.3,19.296000000000003,1011.1802281090022
2024-07-14,24.27,21.2,28.31,10.97,269.0,22.212,1008.940271907495
2024-07-15,23.73,22.36,25.59,23.86,250.8,29.376,1008.6202781644224
2024-07-16,22.94,21.05,25.56,13.1,258.2,25.38,1009.2602656505674
2024-07-17,23.44,21.62,26.39,15.8,266.5,23.616,1010.6469052038814
2024-07-18,23.33,21.41,25.86,6.96,264.5,26.064,1010.5402406228573
2024-07-19,24.02,21.94,26.88,5.21,265.4,24.408,1009.1536010695432
2024-07-20,24.02,21.7,27.09,2.23,258.5,21.204,1009.7935885556882
2024-07-21,24.19,21.7,27.74,0.36,260.6,23.436,1010.326911460809
2024-07-22,23.39,21.15,26.63,3.55,265.7,20.484,1012.6735322433403
2024-07-23,23.51,21.1,27.09,1.6,268.3,20.016,1012.5668676623163
2024-07-24,23.87,21.04,28.24,8.15,269.9,22.86,1010.5402406228573
2024-07-25,24.03,21.18,27.42,9.65,266.9,26.388,1010.0069177177364
2024-07-26,23.62,22.33,25.91,5.41,259.5,25.308,1010.7535697849056
2024-07-27,23.54,20.8,26.94,2.07,266.7,20.88,1011.0735635279781
2024-07-28,24.43,21.45,27.93,6.24,260.1,24.156,1008.940271907495
2024-07-29,24.27,21.91,27.12,35.36,252.5,22.86,1008.940271907495
2024-07-30,23.21,21.79,25.84,5.67,254.2,15.912,1011.6068864330989
2024-07-31,24.19,21.97,27.37,8.62,258.8,14.4,1011.7135510141229
2024-08-01,24.3,21.87,28.25,7.15,259.7,16.92,1011.9268801761713
2024-08-02,23.42,20.96,26.75,1.61,261.8,16.272,1012.2468739192437
2024-08-03,23.53,20.9,27.13,2.51,268.7,12.672,1013.2068551484612
2024-08-04,23.85,20.55,27.96,4.94,275.6,11.988000000000001,1012.6735322433403
2024-08-05,23.9,20.55,27.6,3.61,255.4,11.34,1012.5668676623163
2024-08-06,23.64,21.49,27.0,6.52,277.6,10.512,1011.2868926900263
2024-08-07,23.38,21.08,26.84,4.47,261.6,11.052,1011.7135510141229
2024-08-08,23.74,21.03,27.78,3.17,253.9,12.24,1012.1402093382195
2024-08-09,24.35,21.45,27.87,10.22,254.9,10.944,1012.3535385002677
2024-08-10,24.12,21.85,26.98,3.86,272.7,8.892000000000001,1011.8202155951471
2024-08-11,24.78,21.74,28.0,10.42,316.6,7.344,1010.0069177177364
2024-08-12,25.23,22.3,28.81,7.93,326.4,6.984,1009.5802593936398
2024-08-13,25.69,22.07,29.91,23.76,84.6,5.760000000000001,1009.4735948126156
2024-08-14,25.64,22.45,28.66,17.48,96.0,4.104,1009.1536010695432
2024-08-15,25.61,22.25,29.47,9.0,244.8,4.680000000000001,1008.0869552593017
2024-08-16,25.65,23.12,28.94,5.52,100.3,6.3,1006.9136448680359
2024-08-17,24.66,22.08,27.9,2.76,255.0,11.664000000000001,1008.7269427454465
2024-08-18,25.18,22.19,28.23,4.33,190.3,2.9160000000000004,1009.4735948126156
2024-08-19,24.43,21.32,27.95,5.11,243.9,9.0,1009.1536010695432
2024-08-20,24.44,21.47,28.26,6.93,232.6,7.416,1009.5802593936398
2024-08-21,23.39,21.66,26.3,2.33,223.3,15.156,1010.6469052038814
2024-08-22,23.7,20.82,27.19,0.09,234.0,12.996,1012.1402093382195
2024-08-23,24.31,20.71,28.61,0.0,239.7,12.24,1013.100190567437
2024-08-24,23.86,21.21,27.36,0.59,247.2,15.264000000000001,1013.740178053582
2024-08-25,23.78,21.48,27.27,1.09,247.7,17.856,1013.2068551484612
2024-08-26,24.08,21.7,27.97,1.23,247.1,17.208000000000002,1012.5668676623163
2024-08-27,24.2,21.65,28.24,1.84,252.0,14.868,1013.3135197294853
2024-08-28,23.57,21.42,26.84,3.36,259.7,13.464,1013.100190567437
2024-08-29,24.22,21.46,27.86,8.13,256.2,16.02,1011.7135510141229
2024-08-30,23.83,22.14,26.26,6.24,257.1,14.904,1011.7135510141229
2024-08-31,23.82,21.86,26.98,2.79,262.2,15.48,1011.6068864330989
2024-09-01,23.57,21.07,26.74,2.76,273.4,16.272,1010.9668989469538
2024-09-02,23.82,21.04,27.02,6.06,257.7,14.940000000000001,1011.0735635279781
2024-09-03,24.34,21.8,27.7,3.51,257.2,15.120000000000001,1012.4602030812921
2024-09-04,24.37,21.65,28.54,2.57,263.0,14.184,1012.0335447571954
2024-09-05,24.45,21.56,28.75,1.26,263.6,13.607999999999999,1011.0735635279781
2024-09-06,24.1,21.27,27.86,1.02,266.9,12.996,1011.7135510141229
2024-09-07,24.44,21.17,28.46,2.29,264.1,13.607999999999999,1012.6735322433403
2024-09-08,24.37,22.12,28.46,4.27,263.8,16.452,1012.5668676623163
2024-09-09,23.92,22.08,26.87,4.03,251.7,15.768,1010.7535697849056
2024-09-10,24.67,22.19,28.43,3.61,254.6,19.296000000000003,1010.7535697849056
2024-09-11,24.62,21.87,28.57,2.06,252.4,15.371999999999998,1012.0335447571954
2024-09-12,24.0,20.98,28.58,0.19,255.3,12.672,1012.9935259864129
2024-09-13,24.47,20.9,29.84,0.05,267.9,11.844000000000001,1012.0335447571954
2024-09-14,24.83,20.78,30.33,0.2,267.5,13.212,1011.9268801761713
2024-09-15,24.64,21.1,29.41,0.06,265.1,12.312,1011.9268801761713
2024-09-16,24.69,20.55,30.37,0.02,272.7,12.420000000000002,1012.1402093382195
2024-09-17,24.96,20.44,30.55,0.01,271.5,13.788,1011.1802281090022
2024-09-18,24.32,20.11,30.17,0.0,270.7,12.6,1010.4335760418331
2024-09-19,23.63,20.29,27.64,0.0,264.3,10.620000000000001,1010.6469052038814
2024-09-20,25.07,20.67,30.2,0.11,258.1,12.204,1010.6469052038814
2024-09-21,24.72,20.82,30.23,0.49,265.7,13.248000000000001,1011.1802281090022
2024-09-22,24.66,20.47,30.02,4.51,261.9,12.384,1010.0069177177364
2024-09-23,23.91,20.19,28.4,2.65,263.4,15.228000000000002,1010.0069177177364
2024-09-24,23.75,20.96,27.33,2.32,258.4,15.624,1009.2602656505674
2024-09-25,24.4,20.86,29.49,0.23,262.0,16.776,1009.5802593936398
2024-09-26,24.01,20.39,28.82,0.94,267.0,11.844000000000001,1010.4335760418331
2024-09-27,24.88,20.18,30.63,0.43,269.3,10.116,1011.9268801761713
2024-09-28,25.49,21.54,30.02,5.15,352.1,4.86,1012.3535385002677
2024-09-29,24.77,21.83,28.43,7.32,92.2,7.488,1013.100190567437
2024-09-30,25.01,21.78,28.12,1.17,102.5,5.58,1012.7801968243646
2024-10-01,26.21,21.51,31.89,3.12,200.4,5.832000000000001,1011.7135510141229
2024-10-02,25.99,22.32,31.27,1.51,243.8,6.732,1012.4602030812921
2024-10-03,25.25,22.29,29.22,0.15,248.2,8.352,1012.2468739192437
2024-10-04,24.48,21.71,27.81,9.9,253.3,8.352,1012.5668676623163
2024-10-05,23.53,21.16,26.85,12.24,264.5,6.803999999999999,1012.5668676623163
2024-10-06,24.19,21.24,28.12,9.21,256.7,3.06,1012.5668676623163
2024-10-07,23.87,21.14,27.56,8.55,82.3,9.216000000000001,1012.6735322433403
2024-10-08,25.02,21.52,28.94,11.33,157.8,3.8520000000000003,1013.3135197294853
2024-10-09,24.51,21.61,28.43,8.61,219.9,7.128,1011.5002218520746
2024-10-10,24.08,21.42,28.39,1.25,229.6,7.5600000000000005,1011.0735635279781
2024-10-11,23.4,21.38,26.48,16.33,227.4,7.236,1011.2868926900263
2024-10-12,23.68,21.57,26.77,22.31,244.6,3.708,1011.9268801761713
2024-10-13,24.26,21.91,27.37,17.28,74.3,3.492,1012.0335447571954
2024-10-14,23.68,21.4,26.66,15.24,283.6,2.952,1012.2468739192437
2024-10-15,21.49,19.09,24.59,13.38,244.0,7.74,1011.9268801761713
2024-10-16,22.51,19.12,26.05,4.36,255.2,12.276000000000002,1011.2868926900263
2024-10-17,23.67,19.9,28.13,2.35,251.5,12.24,1011.0735635279781
2024-10-18,24.41,20.81,28.84,6.79,246.6,8.28,1012.2468739192437
2024-10-19,23.0,21.06,25.34,1.65,235.4,5.256,1013.6335134725578
2024-10-20,25.08,21.11,28.93,9.4,252.1,2.124,1013.740178053582
2024-10-21,24.78,21.64,28.44,8.74,74.7,4.356,1013.740178053582
2024-10-22,24.5,21.33,27.96,28.5,235.0,4.104,1013.8468426346061
2024-10-23,25.15,21.21,29.25,13.89,254.2,3.9960000000000004,1013.3135197294853
2024-10-24,21.83,19.66,24.32,6.67,238.8,7.992000000000001,1013.9535072156302
2024-10-25,24.14,19.9,29.01,8.67,269.1,6.264,1013.5268488915335
2024-10-26,24.01,20.37,28.62,3.85,257.1,7.092,1012.9935259864129
2024-10-27,23.81,19.91,28.86,0.06,260.7,8.28,1011.8202155951471
2024-10-28,23.13,19.63,28.0,0.95,260.6,8.532,1011.7135510141229
2024-10-29,24.15,19.85,29.25,0.31,269.1,6.84,1012.2468739192437
2024-10-30,24.67,20.59,29.52,0.02,253.6,5.436,1012.5668676623163
2024-10-31,25.34,21.31,29.71,16.79,269.2,2.8080000000000003,1013.3135197294853
2024-11-01,24.65,21.75,28.39,7.96,79.4,4.716,1014.3801655397268
2024-11-02,23.96,21.89,26.82,11.42,81.0,7.74,1014.5934947017752
2024-11-03,23.77,21.07,27.36,10.6,84.9,8.28,1014.5934947017752
2024-11-04,23.51,19.87,27.53,13.83,85.1,8.28,1013.8468426346061
2024-11-05,23.05,19.71,27.29,1.15,86.2,7.704000000000001,1014.5934947017752
2024-11-06,24.11,19.67,28.62,0.0,3.1,4.5,1014.2735009587028
2024-11-07,24.21,20.8,27.7,3.74,72.9,5.976,1014.1668363776785
2024-11-08,23.92,20.82,28.18,0.78,69.2,9.360000000000001,1014.0601717966543
2024-11-09,23.03,19.2,27.01,0.16,68.9,10.008,1014.1668363776785
2024-11-10,23.06,18.95,27.66,0.01,57.9,8.928,1013.9535072156302
2024-11-11,23.72,18.71,28.02,0.01,48.0,6.192,1013.2068551484612
2024-11-12,24.01,19.83,28.53,0.79,41.7,4.86,1012.0335447571954
2024-11-13,23.66,20.79,26.91,1.88,70.1,9.576,1011.7135510141229
2024-11-14,22.9,20.98,25.51,9.6,63.4,9.72,1013.5268488915335
2024-11-15,23.1,20.48,26.65,7.92,65.3,10.224,1013.8468426346061
2024-11-16,23.38,20.43,27.06,8.06,67.6,10.44,1012.9935259864129
2024-11-17,23.31,19.77,27.36,4.67,69.9,11.664000000000001,1013.2068551484612
2024-11-18,22.86,19.56,26.99,1.12,70.3,13.536,1013.9535072156302
2024-11-19,22.86,19.38,27.37,0.49,66.8,10.98,1014.2735009587028
2024-11-20,21.94,18.4,26.59,0.2,68.0,10.728,1013.8468426346061
2024-11-21,22.18,18.34,26.61,0.22,70.4,9.072000000000001,1013.8468426346061
2024-11-22,22.61,18.77,27.46,0.0,77.1,8.46,1013.6335134725578
2024-11-23,22.39,18.54,26.84,0.0,65.5,8.856,1014.5934947017752
2024-11-24,22.76,19.11,27.53,0.0,70.7,10.224,1014.3801655397268
2024-11-25,21.69,18.8,25.93,0.01,62.4,8.712,1013.5268488915335
2024-11-26,21.93,18.83,25.61,5.66,47.3,6.9479999999999995,1012.4602030812921
2024-11-27,22.71,19.85,26.09,0.4,38.2,6.9479999999999995,1011.3935572710504
2024-11-28,24.03,19.78,28.6,0.17,4.7,6.12,1010.9668989469538
2024-11-29,23.62,19.61,27.58,2.08,351.7,8.388,1010.2202468797847
2024-11-30,24.28,20.48,28.76,6.11,290.9,8.964,1009.046936488519
2024-12-01,24.14,21.68,27.46,23.26,272.1,11.844000000000001,1007.5536323541808
2024-12-02,24.07,22.33,26.15,25.56,250.6,14.004000000000001,1007.7669615162292
2024-12-03,23.43,21.63,26.23,7.54,213.6,8.028,1011.7135510141229
2024-12-04,23.2,19.95,27.19,0.84,89.2,8.64,1013.3135197294853
2024-12-05,23.3,19.75,27.69,0.65,83.0,8.496,1013.9535072156302
2024-12-06,22.91,19.56,27.8,0.11,80.2,8.208,1013.8468426346061
2024-12-07,23.35,19.49,27.93,0.74,81.2,7.812,1013.6335134725578
2024-12-08,22.71,18.89,27.57,0.06,87.5,7.164,1013.740178053582
2024-12-09,23.04,18.79,27.73,0.0,84.0,6.9479999999999995,1013.3135197294853
2024-12-10,22.98,18.99,27.54,0.13,68.2,7.920000000000001,1013.4201843105095
2024-12-11,22.87,19.26,27.24,2.63,59.4,10.044,1012.9935259864129
2024-12-12,22.56,20.36,25.64,21.62,62.6,12.816,1012.6735322433403
2024-12-13,22.1,19.71,24.28,14.68,65.0,16.236,1013.4201843105095
2024-12-14,21.57,17.84,25.96,3.29,71.1,13.176,1015.0201530258717
2024-12-15,20.09,16.27,25.04,0.21,62.3,11.448,1015.8734696740651
2024-12-16,20.41,16.16,25.42,0.0,67.4,9.684,1014.7001592827993
2024-12-17,22.09,15.93,27.8,0.0,339.9,5.112,1013.3135197294853
2024-12-18,23.18,17.45,28.68,0.0,297.3,4.788,1012.2468739192437
2024-12-19,23.45,19.36,27.69,0.0,255.1,5.184,1012.1402093382195
2024-12-20,24.35,20.44,28.95,0.01,262.2,5.724,1012.0335447571954
2024-12-21,24.39,20.59,29.04,0.76,259.7,5.832000000000001,1012.5668676623163
2024-12-22,24.02,20.33,28.82,0.11,261.4,3.672,1013.3135197294853
2024-12-23,23.14,19.48,27.7,0.01,230.5,3.636,1013.3135197294853
2024-12-24,22.63,18.66,27.87,0.0,262.3,4.932,1013.6335134725578
2024-12-25,23.34,18.68,28.31,0.0,306.3,3.3120000000000003,1014.8068238638234
2024-12-26,23.81,19.94,28.67,4.25,67.3,6.66,1015.9801342550892
2024-12-27,23.17,19.77,27.77,2.19,76.6,13.428,1017.153444646355
2024-12-28,21.81,18.0,26.76,0.03,72.0,12.312,1016.8334509032824
2024-12-29,22.11,17.86,27.37,0.13,64.1,10.908,1016.6201217412341
2024-12-30,22.75,18.13,27.6,0.77,59.3,13.968,1016.3001279981617
2024-12-31,22.58,18.11,27.65,0.01,63.9,15.840000000000002,1016.1934634171374
2025-01-01,20.77,16.42,27.02,0.0,67.8,13.788,1015.4468113499685
2025-01-02,20.55,16.13,26.11,0.0,72.8,13.212,1015.766805093041
2025-01-03,19.98,15.21,26.58,0.0,69.0,13.968,1015.2334821879202
2025-01-04,19.76,15.03,26.37,0.0,71.7,11.376000000000001,1015.126817606896
2025-01-05,19.85,14.77,26.77,0.0,77.9,10.692,1015.2334821879202
2025-01-06,20.08,14.36,27.43,0.0,73.2,9.756,1014.9134884448476
2025-01-07,20.71,14.34,27.42,0.0,79.4,9.18,1014.5934947017752
2025-01-08,20.77,15.29,27.6,0.0,75.3,9.828,1014.486830120751
2025-01-09,21.16,15.14,27.01,0.0,75.4,11.376000000000001,1015.5534759309925
2025-01-10,22.35,17.21,27.98,0.01,74.8,11.052,1016.51345716021
2025-01-11,22.54,16.96,29.38,0.0,75.3,11.304,1016.1934634171374
2025-01-12,23.3,16.74,29.23,0.04,74.6,10.548,1015.3401467689442
2025-01-13,23.2,19.91,27.93,3.72,76.5,12.420000000000002,1014.3801655397268
2025-01-14,22.69,18.7,28.76,0.82,76.3,13.716000000000001,1015.6601405120168
2025-01-15,22.38,18.2,28.49,0.18,68.1,15.444,1016.0867988361134
2025-01-16,21.98,17.57,28.06,0.0,76.7,14.76,1016.0867988361134
2025-01-17,21.6,17.15,28.07,0.0,73.4,15.012,1014.2735009587028
2025-01-18,22.2,16.82,27.46,5.02,67.7,12.636,1014.1668363776785
2025-01-19,22.67,19.58,27.61,4.32,71.6,12.312,1014.486830120751
2025-01-20,22.35,16.93,29.57,0.08,72.7,10.692,1013.9535072156302
2025-01-21,21.65,16.64,29.38,0.0,72.0,11.196,1013.100190567437
2025-01-22,22.57,16.48,29.48,0.0,78.1,11.016,1013.5268488915335
2025-01-23,22.28,17.02,29.5,0.0,76.1,12.024,1013.4201843105095
2025-01-24,22.23,16.85,28.94,0.0,76.5,13.284,1013.5268488915335
2025-01-25,22.36,17.09,29.66,0.0,73.9,13.536,1014.0601717966543
2025-01-26,20.87,15.23,28.96,0.0,74.8,13.824,1013.8468426346061
2025-01-27,21.63,15.2,30.57,0.0,75.2,11.664000000000001,1013.3135197294853
2025-01-28,21.51,15.47,29.75,0.0,77.7,9.0,1014.1668363776785
2025-01-29,22.47,15.29,31.37,0.0,73.9,10.8,1014.8068238638234
2025-01-30,23.97,16.95,30.61,0.05,83.4,9.072000000000001,1013.740178053582
2025-01-31,25.14,20.17,31.24,0.26,89.6,9.288,1013.2068551484612
2025-02-01,25.12,20.14,32.16,0.01,89.2,10.224,1014.0601717966543
2025-02-02,24.64,17.87,32.59,0.0,84.8,9.288,1014.1668363776785
2025-02-03,23.44,16.07,31.9,0.0,85.5,8.748000000000001,1015.0201530258717
2025-02-04,22.84,15.6,32.0,0.0,81.4,10.620000000000001,1014.5934947017752
2025-02-05,22.51,15.33,31.17,0.0,81.3,11.844000000000001,1013.8468426346061
2025-02-06,22.58,15.88,31.01,0.0,81.3,11.592,1014.0601717966543
2025-02-07,22.17,14.89,31.47,0.0,79.1,12.204,1015.3401467689442
2025-02-08,23.06,14.77,31.32,0.0,77.7,12.744,1015.0201530258717
2025-02-09,23.27,17.08,31.58,0.0,80.1,12.384,1014.7001592827993
2025-02-10,22.93,16.89,31.03,0.0,77.8,11.268,1015.766805093041
2025-02-11,22.94,16.61,32.08,0.0,79.1,10.368,1015.8734696740651
2025-02-12,23.57,16.5,33.25,0.0,81.3,11.232000000000001,1015.5534759309925
2025-02-13,23.59,15.31,34.14,0.0,80.6,10.692,1015.4468113499685
2025-02-14,24.32,14.96,33.8,0.0,81.4,8.46,1015.126817606896
2025-02-15,24.27,16.96,33.68,0.0,82.3,9.576,1014.1668363776785
2025-02-16,24.21,16.68,33.44,0.0,78.7,11.052,1015.0201530258717
2025-02-17,24.12,17.49,33.04,0.0,84.7,11.772,1016.0867988361134
2025-02-18,24.01,16.96,33.24,0.0,81.3,11.232000000000001,1015.6601405120168
2025-02-19,24.91,16.69,34.17,0.0,85.0,9.828,1014.2735009587028
2025-02-20,25.13,17.57,34.27,0.0,86.7,10.368,1015.126817606896
2025-02-21,25.08,17.66,33.89,0.0,84.6,11.952,1016.0867988361134
2025-02-22,25.61,18.38,34.05,0.0,79.5,11.052,1016.6201217412341
2025-02-23,25.73,17.85,34.67,0.0,78.5,12.24,1016.0867988361134
2025-02-24,25.04,17.53,33.85,0.0,80.4,13.607999999999999,1016.51345716021
2025-02-25,25.78,18.32,33.8,0.03,78.0,14.724,1017.153444646355
2025-02-26,25.52,17.58,33.91,0.05,77.2,15.552000000000001,1016.51345716021
2025-02-27,25.29,16.93,34.77,0.0,75.0,14.004000000000001,1015.126817606896
2025-02-28,26.31,17.08,34.07,1.41,76.9,14.832,1014.2735009587028
2025-03-01,26.53,20.4,33.71,1.45,76.7,13.5,1013.5268488915335
2025-03-02,27.23,21.46,33.69,0.94,90.1,9.864,1012.9935259864129
2025-03-03,26.59,21.04,32.93,0.19,82.7,10.548,1013.6335134725578
2025-03-04,27.08,19.97,36.27,0.0,77.3,11.916,1013.3135197294853
2025-03-05,27.68,19.94,37.3,0.0,99.0,8.928,1013.9535072156302
2025-03-06,28.76,21.11,37.39,0.0,96.2,5.832000000000001,1013.6335134725578
2025-03-07,28.47,21.12,37.09,0.53,203.4,6.984,1012.7801968243646
2025-03-08,29.0,22.16,37.69,0.15,210.1,4.356,1011.2868926900263
2025-03-09,26.84,17.54,36.27,0.0,85.7,12.168,1013.100190567437
2025-03-10,26.4,17.11,35.37,0.0,77.7,15.120000000000001,1014.7001592827993
2025-03-11,25.91,19.42,33.92,17.22,73.1,17.928,1014.5934947017752
2025-03-12,24.44,20.28,29.55,10.67,81.5,10.224,1014.2735009587028
2025-03-13,26.62,20.28,34.15,2.35,83.0,9.072000000000001,1013.100190567437
2025-03-14,26.74,20.1,35.46,0.0,87.9,8.604000000000001,1013.740178053582
2025-03-15,26.61,19.64,35.04,0.0,76.8,8.172,1014.2735009587028
2025-03-16,27.52,19.91,35.45,0.99,158.1,6.372,1014.1668363776785
2025-03-17,25.71,22.31,30.35,2.38,270.6,5.076,1014.1668363776785
2025-03-18,27.62,22.31,34.23,0.38,172.6,4.068,1013.9535072156302
2025-03-19,27.83,21.63,35.38,0.28,101.6,6.8759999999999994,1015.3401467689442
2025-03-20,27.54,21.25,35.62,0.08,99.9,9.18,1016.4067925791859
2025-03-21,28.16,21.36,35.36,1.06,106.8,7.128,1016.0867988361134
2025-03-22,26.72,21.85,31.71,2.71,113.9,5.364,1015.5534759309925
2025-03-23,27.55,21.55,34.48,2.57,98.5,6.48,1015.2334821879202
2025-03-24,26.79,21.12,33.6,0.61,87.4,8.28,1014.3801655397268
2025-03-25,27.73,20.76,35.93,0.49,104.0,7.02,1012.2468739192437
2025-03-26,27.63,21.85,35.59,2.11,214.0,5.58,1011.8202155951471
2025-03-27,27.67,21.93,34.66,0.02,275.5,6.912,1011.0735635279781
2025-03-28,28.64,22.24,36.59,0.01,134.0,5.832000000000001,1010.6469052038814
2025-03-29,28.32,21.65,37.68,0.0,94.2,8.604000000000001,1010.8602343659296
2025-03-30,28.43,21.18,36.97,0.0,97.4,8.532,1011.9268801761713
2025-03-31,29.06,21.77,37.22,0.0,88.5,7.920000000000001,1011.5002218520746
2025-04-01,28.16,22.63,35.69,5.13,210.5,3.636,1010.7535697849056
2025-04-02,26.57,22.32,32.98,8.22,146.8,6.228,1012.6735322433403
2025-04-03,26.15,22.32,31.35,13.62,72.3,5.292,1014.486830120751
2025-04-04,26.55,22.14,32.78,24.58,87.9,6.336,1013.9535072156302
2025-04-05,26.9,21.97,32.97,6.25,293.2,4.14,1012.9935259864129
2025-04-06,27.34,22.6,33.64,9.06,271.8,4.644,1012.2468739192437
2025-04-07,27.28,23.35,32.85,1.17,73.3,5.5440000000000005,1012.6735322433403
2025-04-08,27.45,22.87,33.63,0.9,0.2,5.796,1013.6335134725578
2025-04-09,26.73,22.85,32.57,0.29,251.7,6.696000000000001,1012.6735322433403
2025-04-10,25.51,22.26,29.75,0.04,257.5,10.764000000000001,1011.2868926900263
2025-04-11,26.58,22.03,33.13,6.24,253.4,10.908,1011.2868926900263
2025-04-12,26.03,21.73,31.97,2.32,251.6,8.964,1012.0335447571954
2025-04-13,27.99,21.58,35.09,0.5,310.1,5.760000000000001,1011.9268801761713
2025-04-14,27.96,22.15,34.3,6.59,40.4,5.867999999999999,1011.9268801761713
2025-04-15,27.92,22.46,34.98,0.39,122.0,6.012,1011.9268801761713
2025-04-16,27.81,22.48,35.13,0.12,258.4,6.912,1012.2468739192437
2025-04-17,27.26,22.34,33.49,0.24,258.4,7.452,1011.5002218520746
2025-04-18,27.16,22.55,33.59,3.27,246.0,9.936,1011.5002218520746
2025-04-19,27.61,22.94,34.4,0.12,255.8,9.684,1010.9668989469538
2025-04-20,27.73,22.65,34.81,0.68,259.6,7.38,1011.7135510141229
2025-04-21,28.25,22.69,34.71,0.08,327.5,4.6080000000000005,1012.8868614053886
2025-04-22,28.54,22.75,35.91,2.63,109.8,7.092,1013.6335134725578
2025-04-23,28.17,22.55,36.34,1.77,255.1,8.28,1011.8202155951471
2025-04-24,28.16,23.03,34.69,1.67,258.8,8.424,1010.9668989469538
2025-04-25,28.14,23.93,33.62,0.29,261.6,5.148,1010.9668989469538
2025-04-26,27.86,24.3,32.26,0.49,147.1,5.112,1011.2868926900263
2025-04-27,27.08,23.48,30.81,1.11,202.5,4.068,1011.9268801761713
2025-04-28,27.19,23.16,31.7,1.31,112.3,5.9399999999999995,1010.5402406228573
2025-04-29,27.43,23.32,32.02,0.17,180.0,5.867999999999999,1010.6469052038814
2025-04-30,27.08,22.9,31.37,0.98,78.8,8.532,1011.2868926900263
2025-05-01,27.67,22.84,33.22,1.19,259.3,5.688000000000001,1011.9268801761713
2025-05-02,26.62,23.4,30.16,5.14,277.5,4.5360000000000005,1012.2468739192437
2025-05-03,27.36,23.29,32.65,0.37,263.2,7.02,1011.5002218520746
2025-05-04,27.44,23.64,32.98,1.55,265.4,7.38,1010.9668989469538
2025-05-05,27.26,23.73,32.18,0.85,241.1,8.568,1011.5002218520746
2025-05-06,26.99,23.53,32.27,2.06,255.7,9.036,1011.5002218520746
2025-05-07,26.25,23.47,30.22,6.54,238.0,8.892000000000001,1010.9668989469538
2025-05-08,27.34,22.31,33.59,2.14,272.1,8.784,1010.9668989469538
2025-05-09,28.46,22.13,35.88,0.02,270.2,8.028,1011.0735635279781
2025-05-10,28.19,22.83,35.13,0.08,259.1,8.352,1011.3935572710504
2025-05-11,28.38,23.21,35.75,0.42,258.9,12.636,1010.4335760418331
2025-05-12,27.92,23.11,33.56,4.07,255.8,9.9,1009.5802593936398
2025-05-13,26.9,24.14,31.03,1.82,259.1,9.612,1009.6869239746638
2025-05-14,26.08,23.68,29.4,7.07,252.6,9.468,1010.6469052038814
2025-05-15,26.34,22.76,30.69,7.33,261.0,9.360000000000001,1011.1802281090022
2025-05-16,27.48,22.73,33.83,4.01,263.0,10.548,1010.2202468797847
2025-05-17,26.32,22.72,31.86,8.14,247.9,11.952,1010.326911460809
2025-05-18,24.13,21.78,27.53,23.75,255.6,9.504000000000001,1009.046936488519
2025-05-19,25.7,21.77,30.98,7.27,233.3,12.996,1007.4469677731566
2025-05-20,24.93,22.34,29.36,4.97,238.1,20.268,1007.9802906782775
2025-05-21,25.45,22.32,30.35,0.66,249.0,18.864,1009.3669302315915
2025-05-22,26.84,22.37,32.44,0.57,253.0,15.912,1009.4735948126156
2025-05-23,26.49,23.5,30.46,13.37,243.9,20.7,1007.9802906782775
2025-05-24,25.68,23.86,28.81,26.02,242.7,22.824,1008.4069490023742
2025-05-25,24.76,22.56,27.94,26.24,248.8,26.028000000000002,1009.3669302315915
2025-05-26,25.48,23.11,28.45,27.93,259.7,26.388,1008.3002844213499
2025-05-27,25.95,24.49,28.21,16.36,256.5,25.92,1007.6602969352051
2025-05-28,25.42,23.37,27.74,14.34,262.2,27.791999999999998,1007.3403031921325
2025-05-29,24.9,22.32,28.42,12.66,261.0,27.0,1007.5536323541808
2025-05-30,23.94,22.32,26.05,11.86,263.0,23.904,1009.5802593936398
2025-05-31,24.24,21.87,27.26,0.47,268.4,16.272,1011.8202155951471
2025-06-01,25.04,21.85,29.76,1.75,269.4,14.004000000000001,1012.4602030812921
2025-06-02,25.47,22.05,29.25,3.01,255.7,14.472,1011.9268801761713
2025-06-03,25.29,21.35,29.87,2.42,264.0,14.58,1012.1402093382195
2025-06-04,23.91,19.6,28.72,2.68,268.5,13.212,1012.2468739192437
2025-06-05,25.52,19.5,31.55,0.95,276.8,10.152,1012.2468739192437
2025-06-06,26.33,21.17,31.8,0.51,264.6,10.188,1012.1402093382195
2025-06-07,25.99,22.51,30.86,0.22,265.1,12.888,1012.2468739192437
2025-06-08,26.3,22.47,30.7,2.07,261.1,12.6,1011.1802281090022
2025-06-09,24.93,22.43,28.31,1.64,268.6,12.852,1010.2202468797847
2025-06-10,25.32,22.37,29.64,9.68,265.6,17.208000000000002,1008.0869552593017
2025-06-11,24.97,22.75,28.33,6.49,263.7,18.072,1007.3403031921325
2025-06-12,24.67,22.49,28.1,3.7,255.2,20.556,1007.0203094490599
2025-06-13,24.89,22.54,28.86,9.26,244.6,26.496000000000002,1007.7669615162292
2025-06-14,24.62,22.44,28.09,11.55,250.6,25.812,1008.940271907495
2025-06-15,23.75,22.14,26.75,19.2,252.1,29.412,1009.6869239746638
2025-06-16,24.07,22.16,26.92,13.08,264.4,23.616,1009.9002531367123
2025-06-17,24.59,22.3,27.49,7.49,260.4,20.196,1011.5002218520746
2025-06-18,24.87,22.27,28.2,4.89,257.0,16.740000000000002,1011.3935572710504
2025-06-19,24.64,22.71,27.48,4.6,250.3,16.488,1011.7135510141229
2025-06-20,24.8,22.58,28.39,3.25,264.6,15.588000000000001,1011.9268801761713
2025-06-21,24.86,22.07,28.8,1.21,266.8,15.228000000000002,1011.7135510141229
2025-06-22,25.07,21.96,29.15,14.85,261.3,18.720000000000002,1011.6068864330989
2025-06-23,24.3,22.39,27.53,5.99,262.3,18.324,1010.9668989469538
2025-06-24,24.69,21.83,27.78,4.39,266.6,20.016,1010.1135822987605
2025-06-25,24.56,21.86,27.6,16.21,257.8,18.900000000000002,1010.0069177177364
2025-06-26,24.46,22.06,27.72,9.88,258.3,19.836,1010.6469052038814
2025-06-27,24.31,22.04,28.02,4.18,263.8,15.840000000000002,1011.3935572710504
2025-06-28,24.72,22.69,27.54,2.95,254.3,18.864,1011.3935572710504
2025-06-29,24.4,21.82,28.24,0.24,264.2,14.256,1010.7535697849056
2025-06-30,24.28,21.86,27.27,1.02,266.4,15.120000000000001,1010.6469052038814
2025-07-01,24.27,22.09,27.21,3.06,269.3,16.128000000000004,1010.9668989469538
2025-07-02,23.51,20.73,27.07,6.69,273.8,19.944,1011.1802281090022
2025-07-03,23.48,20.72,26.46,2.18,265.3,17.784000000000002,1012.2468739192437
2025-07-04,23.29,20.52,26.54,2.54,264.5,16.344,1012.4602030812921
2025-07-05,24.64,20.64,28.59,3.24,264.3,19.656,1011.8202155951471
2025-07-06,24.7,22.21,28.05,3.72,262.1,22.14,1010.9668989469538
2025-07-07,24.54,22.06,28.04,2.81,264.9,21.168,1010.9668989469538
2025-07-08,24.61,21.57,28.61,2.15,269.1,16.92,1011.5002218520746
2025-07-09,24.89,21.6,29.1,1.1,271.5,17.928,1011.0735635279781
2025-07-10,24.87,21.65,28.78,2.01,274.4,14.472,1010.326911460809
2025-07-11,24.93,22.11,28.51,7.93,267.4,17.316,1010.326911460809
2025-07-12,24.7,22.44,28.03,1.78,267.4,15.696000000000002,1011.0735635279781
2025-07-13,24.05,21.2,26.91,3.0,265.8,17.856,1011.0735635279781
2025-07-14,23.67,21.24,27.05,5.45,261.5,20.268,1011.3935572710504
2025-07-15,24.46,21.36,28.53,1.22,265.5,16.956,1010.326911460809
2025-07-16,24.51,21.66,28.43,15.41,260.6,20.808,1009.4735948126156
2025-07-17,24.27,21.82,27.37,3.03,268.4,17.82,1009.3669302315915
2025-07-18,24.58,21.76,28.87,3.8,268.1,20.016,1008.8336073264707
2025-07-19,23.31,21.15,26.39,6.99,267.0,24.948,1007.6602969352051
2025-07-20,23.01,19.95,26.59,3.86,265.3,20.196,1008.0869552593017
2025-07-21,23.78,20.24,27.3,4.71,270.3,15.048,1009.3669302315915
2025-07-22,24.54,21.51,28.48,4.32,260.3,17.604,1009.9002531367123
2025-07-23,23.95,20.14,28.14,3.38,266.6,21.708000000000002,1009.1536010695432
2025-07-24,23.34,20.14,26.93,8.23,262.9,23.616,1009.046936488519
2025-07-25,23.34,21.16,26.7,6.85,259.3,26.208000000000002,1009.3669302315915
2025-07-26,23.48,21.39,26.56,11.24,266.2,24.156,1010.9668989469538
2025-07-27,23.48,20.92,27.31,2.02,265.0,20.232,1011.5002218520746
2025-07-28,24.04,20.88,28.72,0.13,275.9,18.648,1011.6068864330989
2025-07-29,24.11,20.62,28.66,0.41,279.6,20.664,1011.5002218520746
2025-07-30,24.93,20.55,29.21,1.05,273.3,19.548,1011.0735635279781
2025-07-31,24.78,21.29,29.3,2.24,273.6,16.812,1010.6469052038814
2025-08-01,24.87,21.14,29.11,2.42,277.1,14.364,1010.0069177177364
2025-08-02,24.04,21.81,27.2,6.29,268.4,11.232000000000001,1009.9002531367123
2025-08-03,23.6,22.2,25.69,3.98,256.3,10.116,1010.9668989469538
2025-08-04,24.51,22.2,27.03,4.66,265.6,10.08,1010.6469052038814
2025-08-05,23.46,21.63,25.74,7.92,252.9,15.371999999999998,1010.326911460809
2025-08-06,24.09,21.53,28.03,2.51,261.8,16.596,1010.0069177177364
2025-08-07,24.38,21.47,28.48,0.07,262.1,15.264000000000001,1009.5802593936398
2025-08-08,24.48,21.29,28.53,0.68,257.2,9.684,1010.8602343659296
2025-08-09,24.07,21.12,27.29,0.72,247.5,9.468,1012.1402093382195
2025-08-10,23.8,20.24,27.72,3.46,259.9,10.512,1012.2468739192437
2025-08-11,23.62,19.9,28.61,1.58,264.5,13.895999999999999,1012.4602030812921
2025-08-12,23.6,19.69,28.63,2.45,261.7,15.192,1011.1802281090022
2025-08-13,23.16,20.2,27.62,3.69,261.2,17.856,1010.2202468797847
2025-08-14,23.17,20.86,26.75,5.48,258.9,18.828000000000003,1010.6469052038814
2025-08-15,23.58,20.77,27.64,4.77,261.7,20.844,1009.5802593936398
2025-08-16,23.97,21.66,27.62,10.72,261.4,19.476000000000003,1008.0869552593017
2025-08-17,23.44,21.13,26.81,8.48,258.8,21.42,1008.8336073264707
2025-08-18,23.27,21.1,26.56,3.77,266.4,21.528000000000002,1010.9668989469538
2025-08-19,23.78,20.29,28.0,1.35,268.5,20.412,1011.1802281090022
2025-08-20,23.51,20.07,28.73,0.21,269.5,13.607999999999999,1012.1402093382195
2025-08-21,25.34,19.98,30.47,1.71,275.5,9.504000000000001,1012.4602030812921
2025-08-22,24.47,21.32,28.42,0.82,273.4,7.848000000000001,1012.2468739192437
2025-08-23,24.62,21.1,29.55,0.52,259.8,10.8,1012.2468739192437
2025-08-24,24.94,20.59,30.65,0.31,274.0,10.872,1012.3535385002677
2025-08-25,24.27,20.4,29.19,0.01,276.5,10.188,1011.7135510141229
2025-08-26,24.82,20.37,30.2,1.12,268.0,15.444,1011.5002218520746
2025-08-27,24.3,21.2,28.83,5.59,260.5,18.36,1010.8602343659296
2025-08-28,23.56,20.83,26.71,11.09,261.4,19.584000000000003,1010.4335760418331
2025-08-29,24.04,20.84,28.04,3.09,260.4,16.776,1011.6068864330989
2025-08-30,24.71,21.79,29.65,4.62,264.8,15.912,1012.2468739192437
2025-08-31,24.23,21.61,27.74,2.84,268.3,14.4,1011.1802281090022
2025-09-01,23.91,21.15,27.81,0.52,268.7,15.876000000000001,1010.0069177177364
2025-09-02,24.3,21.13,29.01,0.86,267.8,16.992,1009.7935885556882
2025-09-03,24.47,21.19,28.91,6.74,263.0,18.684,1009.9002531367123
2025-09-04,24.19,21.29,28.44,3.59,263.3,14.4,1010.8602343659296
2025-09-05,24.62,21.18,29.64,4.3,266.8,13.032,1011.2868926900263
2025-09-06,24.93,21.33,30.13,2.58,266.1,11.988000000000001,1011.8202155951471
2025-09-07,24.55,20.48,29.74,1.23,270.9,10.152,1011.3935572710504
2025-09-08,25.77,20.2,31.67,1.43,274.9,9.18,1010.9668989469538
2025-09-09,24.53,22.24,27.52,12.82,285.6,6.408,1011.7135510141229
2025-09-10,25.57,22.0,30.92,9.66,267.6,8.172,1011.5002218520746
2025-09-11,24.82,21.84,29.16,2.71,264.5,8.172,1011.0735635279781
2025-09-12,24.9,21.75,28.96,0.13,260.5,7.776000000000001,1011.0735635279781
2025-09-13,24.61,20.98,29.03,0.08,259.6,10.764000000000001,1011.5002218520746
2025-09-14,24.66,20.69,30.13,1.4,256.0,11.232000000000001,1012.0335447571954
2025-09-15,24.86,20.93,29.66,1.97,256.4,12.564000000000002,1010.9668989469538
2025-09-16,24.19,21.76,27.47,2.71,245.8,9.9,1011.0735635279781
2025-09-17,24.22,22.08,27.14,9.85,251.7,12.168,1011.3935572710504
2025-09-18,23.61,20.85,26.87,6.04,253.3,13.212,1011.2868926900263
2025-09-19,23.91,20.55,28.47,2.91,249.8,10.944,1012.5668676623163
2025-09-20,24.59,20.39,30.08,2.51,263.2,11.16,1011.8202155951471
2025-09-21,24.91,20.97,29.92,2.6,259.9,12.420000000000002,1011.0735635279781
2025-09-22,24.66,21.51,29.22,0.68,263.9,12.78,1012.3535385002677
2025-09-23,24.5,21.45,28.68,1.16,258.1,14.796000000000001,1012.4602030812921
2025-09-24,24.64,20.91,29.85,1.02,263.5,14.148000000000001,1011.0735635279781
2025-09-25,24.45,20.71,29.48,4.65,257.7,14.508000000000001,1010.4335760418331
2025-09-26,24.63,21.72,29.5,2.3,253.2,17.928,1010.5402406228573
2025-09-27,23.7,21.07,27.79,3.03,255.1,17.46,1011.5002218520746
2025-09-28,24.27,21.46,28.21,4.74,246.6,19.044,1011.3935572710504
2025-09-29,24.44,20.92,29.12,1.42,264.0,15.984000000000002,1011.0735635279781
2025-09-30,24.15,20.41,28.6,0.11,265.1,13.248000000000001,1010.326911460809
2025-10-01,25.04,20.22,30.77,0.1,263.1,12.888,1010.2202468797847
2025-10-02,25.07,21.23,29.43,0.76,260.6,11.628,1012.0335447571954
2025-10-03,25.08,21.77,29.34,6.12,271.7,7.416,1013.740178053582
2025-10-04,24.85,21.66,30.12,1.54,263.4,9.072000000000001,1014.486830120751
2025-10-05,24.7,21.93,28.89,7.38,271.4,8.244,1014.0601717966543
2025-10-06,24.66,21.36,29.04,0.35,274.5,5.436,1014.1668363776785
2025-10-07,24.58,21.39,27.62,0.07,359.6,4.680000000000001,1014.1668363776785
2025-10-08,25.79,22.04,30.69,0.88,215.9,4.968,1013.3135197294853
2025-10-09,24.58,21.45,28.52,7.36,255.5,5.256,1012.9935259864129
2025-10-10,25.54,21.29,29.86,2.81,227.8,5.508,1011.2868926900263
2025-10-11,24.48,21.85,27.47,9.17,260.9,7.416,1011.5002218520746
2025-10-12,24.49,21.74,28.26,6.44,79.2,9.036,1011.1802281090022
2025-10-13,25.5,21.71,30.31,6.04,86.8,7.2,1010.7535697849056
2025-10-14,25.0,21.27,30.15,10.29,90.0,11.34,1009.5802593936398
2025-10-15,24.7,21.13,29.57,10.07,80.8,10.8,1009.4735948126156
2025-10-16,24.01,21.66,27.68,6.77,74.3,10.98,1009.9002531367123
2025-10-17,24.36,21.87,27.87,19.82,63.4,14.076,1010.9668989469538
2025-10-18,24.04,21.59,27.55,20.7,77.6,12.204,1010.6469052038814
2025-10-19,24.1,21.49,27.81,24.28,80.9,11.052,1010.0069177177364
2025-10-20,23.29,21.19,26.02,7.6,87.0,10.008,1010.1135822987605
2025-10-21,23.34,21.15,26.47,11.47,74.4,7.02,1010.326911460809
2025-10-22,23.41,21.28,25.49,20.59,232.5,10.08,1010.0069177177364
2025-10-23,23.91,20.99,27.63,2.61,243.4,10.728,1011.6068864330989
2025-10-24,23.11,19.93,26.4,4.87,252.2,10.692,1012.2468739192437
2025-10-25,23.99,20.24,27.98,0.64,242.9,9.792000000000002,1012.2468739192437
2025-10-26,24.37,21.17,28.35,1.16,242.1,9.144,1012.4602030812921
2025-10-27,23.24,21.32,25.98,6.63,256.9,13.5,1011.9268801761713
2025-10-28,23.65,21.6,26.45,4.1,260.0,14.544,1010.5402406228573
2025-10-29,23.78,20.52,27.91,1.59,257.2,13.895999999999999,1011.2868926900263
2025-10-30,24.0,20.42,28.96,0.24,252.1,10.44,1013.4201843105095
