Price Date,tavg,tmin,tmax,prcp,wdir,wspd,pres
01-Jan-20,26.1,22.0,31.0,0.0,49.0,7.5,1014.8
02-Jan-20,26.3,22.5,31.0,0.0,49.0,5.8,1016.2
03-Jan-20,26.8,22.6,33.0,0.0,49.0,6.8,1015.0
04-Jan-20,27.4,24.0,33.0,0.0,49.0,5.0,1013.1
05-Jan-20,27.2,22.6,32.5,0.0,49.0,7.55,1014.1
06-Jan-20,26.4,22.8,32.7,0.0,49.0,10.1,1015.1
07-Jan-20,26.1,21.6,32.0,0.0,62.0,8.5,1015.0
08-Jan-20,25.6,22.0,31.8,0.0,62.0,4.8,1014.4
09-Jan-20,25.3,21.0,32.6,0.0,62.0,5.6,1014.4
10-Jan-20,24.3,20.0,30.4,0.0,49.0,6.9,1014.4
11-Jan-20,23.7,18.4,30.6,0.0,49.0,4.8,1015.5
12-Jan-20,24.4,16.3,30.7,0.0,28.0,5.6,1014.3
13-Jan-20,25.3,20.4,31.0,0.0,28.0,3.4,1013.75
14-Jan-20,25.1,19.8,31.0,0.0,28.0,4.25,1013.2
15-Jan-20,23.5,18.5,31.4,0.0,31.0,5.1,1013.8
16-Jan-20,24.9,19.5,31.0,0.0,31.0,5.1,1013.8
17-Jan-20,26.1,18.8,33.0,0.0,31.0,6.3,1013.75
18-Jan-20,25.6,21.5,32.6,0.0,57.0,9.1,1013.7
19-Jan-20,26.3,21.9,31.0,0.3,57.0,7.2,1014.2
20-Jan-20,27.0,22.0,32.4,0.0,57.0,5.8,1014.9
21-Jan-20,26.7,21.0,32.3,0.0,66.0,9.3,1015.8
22-Jan-20,26.8,20.3,32.2,0.0,43.0,8.2,1016.2
23-Jan-20,25.8,21.6,32.4,0.0,43.0,8.7,1015.5
24-Jan-20,25.9,19.4,32.0,0.0,53.0,8.6,1015.0
25-Jan-20,24.8,19.2,33.0,0.0,32.0,4.4,1015.1
26-Jan-20,25.4,19.0,33.0,0.0,32.0,4.5,1014.1
27-Jan-20,26.4,19.0,33.0,0.0,32.0,5.4,1013.8
28-Jan-20,26.7,19.8,34.0,0.0,32.0,5.4,1014.0
29-Jan-20,26.7,21.0,34.0,0.0,30.0,6.4,1014.5
30-Jan-20,26.6,21.0,34.0,0.0,29.0,4.1,1013.8
31-Jan-20,26.7,21.0,34.3,0.0,39.0,7.2,1012.8
01-Feb-20,26.4,21.5,32.9,0.0,47.0,9.8,1013.5
02-Feb-20,26.2,21.6,32.1,0.0,48.0,10.1,1015.5
03-Feb-20,26.2,21.0,32.0,0.0,48.0,8.4,1015.5
04-Feb-20,26.7,21.5,32.8,0.0,48.0,6.7,1014.1
05-Feb-20,26.8,23.0,32.4,0.0,75.0,10.0,1014.2
06-Feb-20,26.9,20.8,33.0,0.0,75.0,7.3,1014.2
07-Feb-20,26.4,21.0,33.0,0.0,75.0,4.8,1014.9
08-Feb-20,27.1,21.7,33.2,0.0,75.0,7.3,1014.7
09-Feb-20,26.7,21.8,33.6,0.0,75.0,7.7,1014.8
10-Feb-20,26.6,22.0,32.6,0.0,69.0,10.0,1014.6
11-Feb-20,26.6,21.9,32.4,0.0,58.0,12.8,1015.0
12-Feb-20,27.1,20.5,32.0,0.0,58.0,11.4,1016.2
13-Feb-20,27.2,22.4,33.0,0.0,68.0,9.7,1015.5
14-Feb-20,27.5,20.5,35.0,0.0,68.0,4.4,1013.9
15-Feb-20,27.9,21.0,35.0,0.0,68.0,4.9,1013.4
16-Feb-20,27.3,20.8,35.0,0.0,68.0,8.8,1014.7
17-Feb-20,26.7,19.9,34.0,0.0,68.0,9.7,1015.5
18-Feb-20,26.3,19.6,34.2,0.0,62.0,11.2,1015.4
19-Feb-20,26.2,20.0,33.2,0.0,57.0,10.4,1014.8
20-Feb-20,25.7,20.0,33.1,0.0,61.0,11.3,1014.6
21-Feb-20,27.4,19.9,33.0,0.0,39.0,11.6,1015.5
22-Feb-20,27.4,22.6,33.5,0.0,39.0,13.4,1016.1
23-Feb-20,27.1,22.1,33.1,0.0,60.0,12.9,1015.7
24-Feb-20,27.7,22.3,33.0,0.0,60.0,10.5,1013.5
25-Feb-20,28.3,22.5,34.0,0.0,60.0,9.1,1012.4
26-Feb-20,27.9,22.0,34.4,0.0,61.0,11.4,1012.6
27-Feb-20,28.5,22.5,34.0,0.0,66.0,13.6,1012.7
28-Feb-20,27.9,22.5,34.5,0.0,71.0,14.2,1012.0
29-Feb-20,28.1,22.8,34.0,0.0,71.0,11.8,1012.0
01-Mar-20,28.6,23.2,34.0,0.0,73.0,12.2,1012.1
02-Mar-20,28.2,23.4,34.0,0.0,73.0,8.6,1012.8
03-Mar-20,28.7,23.2,35.0,0.0,73.0,8.8,1012.5
04-Mar-20,29.3,24.7,36.0,0.0,73.0,8.7,1011.5
05-Mar-20,29.4,24.8,36.0,0.0,196.0,8.7,1010.9
06-Mar-20,29.6,24.3,36.0,0.0,205.0,6.7,1011.1
07-Mar-20,29.6,25.0,36.2,0.0,205.0,5.7,1012.5
08-Mar-20,28.9,24.0,35.7,0.0,205.0,6.0,1012.3
09-Mar-20,29.3,24.5,35.0,0.0,59.0,6.4,1011.2
10-Mar-20,29.1,24.0,36.0,0.0,59.0,5.6,1011.7
11-Mar-20,28.2,23.8,35.8,0.0,59.0,5.3,1012.4
12-Mar-20,28.7,23.0,35.0,0.0,59.0,5.9,1013.7
13-Mar-20,28.7,22.6,35.2,0.0,59.0,7.1,1013.5
14-Mar-20,28.2,22.4,36.0,0.0,59.0,7.5,1012.3
15-Mar-20,28.7,23.0,36.0,0.0,59.0,10.1,1011.9
16-Mar-20,29.3,23.2,35.5,0.0,65.0,8.6,1013.3
17-Mar-20,28.6,23.4,35.0,0.0,66.0,13.8,1014.6
18-Mar-20,29.5,22.6,36.0,0.0,66.0,10.0,1014.0
19-Mar-20,29.9,23.7,37.0,0.0,66.0,9.9,1013.0
20-Mar-20,29.3,23.8,36.8,0.0,66.0,9.4,1012.5
21-Mar-20,28.9,24.0,37.0,0.0,39.0,9.7,1012.0
22-Mar-20,29.0,23.6,37.6,0.0,39.0,7.4,1012.3
23-Mar-20,28.3,24.5,35.5,0.0,39.0,7.4,1011.8
24-Mar-20,30.6,24.0,36.0,0.0,38.0,9.5,1010.3
25-Mar-20,30.0,23.8,36.6,0.0,38.0,9.333333333333334,1010.46
26-Mar-20,29.6,23.6,36.5,0.0,38.0,9.166666666666666,1010.62
27-Mar-20,29.6,23.4,35.3,0.0,38.0,9.0,1010.78
28-Mar-20,29.7,23.8,36.0,0.0,38.0,8.8,1010.94
29-Mar-20,30.4,23.4,37.0,0.0,38.0,7.5,1011.1
30-Mar-20,30.3,23.8,38.0,0.0,38.0,10.5,1011.6
31-Mar-20,30.7,22.6,38.0,0.0,38.0,10.0,1012.1
01-Apr-20,30.3,23.0,38.0,0.0,38.0,10.6,1011.9
02-Apr-20,30.9,23.8,37.6,0.0,38.0,7.1,1010.6
03-Apr-20,30.2,24.4,37.8,0.0,38.0,9.9,1011.0
04-Apr-20,30.6,24.4,37.2,0.0,38.0,7.4,1011.9
05-Apr-20,29.4,25.0,37.1,0.0,38.0,9.9,1013.0
06-Apr-20,30.8,24.6,37.7,0.0,38.0,10.6,1012.8
07-Apr-20,27.2,23.0,37.1,1.0,38.0,10.3,1012.5
08-Apr-20,28.3,23.5,36.55,0.0,38.0,9.55,1012.2
09-Apr-20,28.8,24.0,36.0,0.0,38.0,8.8,1011.9
10-Apr-20,28.6,21.4,34.0,0.0,38.0,10.1,1013.1
11-Apr-20,29.6,24.8,34.0,0.0,38.0,12.1,1013.7
12-Apr-20,30.1,24.2,36.0,0.0,38.0,7.7,1013.1
13-Apr-20,30.6,23.0,36.4,0.0,38.0,8.4,1011.1
14-Apr-20,31.1,24.0,37.0,0.0,38.0,8.8,1011.2
15-Apr-20,30.6,24.8,38.0,0.0,38.0,9.0,1012.4
16-Apr-20,30.5,25.0,37.6,0.0,38.0,9.3,1011.4
17-Apr-20,30.7,25.4,37.0,0.0,38.0,8.4,1010.7
18-Apr-20,30.9,25.8,38.0,0.0,38.0,7.8,1010.9
19-Apr-20,30.9,26.0,37.6,0.0,38.0,9.1,1010.6
20-Apr-20,30.7,26.0,37.4,0.0,38.0,8.6,1010.6
21-Apr-20,31.0,25.8,37.0,0.0,38.0,8.4,1010.8
22-Apr-20,31.3,25.4,37.4,0.0,38.0,8.8,1010.6
23-Apr-20,30.2,25.0,37.3,0.0,38.0,9.2,1010.4
24-Apr-20,30.3,26.0,37.4,0.0,38.0,9.6,1010.2
25-Apr-20,30.8,25.4,37.0,0.0,38.0,11.4,1009.6
26-Apr-20,28.3,24.8,36.6,0.0,38.0,9.3,1010.6
27-Apr-20,29.6,23.4,37.0,0.0,38.0,7.7,1011.6
28-Apr-20,29.4,25.8,37.4,13.0,38.0,8.7,1010.5
29-Apr-20,27.3,21.8,36.6,38.1,38.0,22.3,1011.7
30-Apr-20,29.5,23.4,35.0,0.0,38.0,8.3,1011.4
01-May-20,29.7,25.0,36.2,0.0,38.0,8.6,1011.175
02-May-20,29.6,25.8,36.3,0.0,38.0,7.75,1010.95
03-May-20,30.9,25.5,36.7,0.3,38.0,6.9,1010.725
04-May-20,31.2,26.1,37.0,0.0,38.0,5.8,1010.5
05-May-20,30.7,26.0,38.0,0.0,38.0,3.5,1009.9
06-May-20,30.6,24.9,38.0,0.0,38.0,5.7,1009.5
07-May-20,28.8,25.5,37.6,0.0,38.0,6.5,1009.9
08-May-20,29.4,25.6,36.2,0.0,38.0,5.5,1010.1
09-May-20,30.6,25.4,37.0,0.0,38.0,6.2,1009.8
10-May-20,31.6,26.6,38.0,0.0,38.0,6.5,1009.6
11-May-20,31.1,27.0,38.2,0.0,62.0,8.3,1009.8
12-May-20,30.9,26.4,37.0,0.0,62.0,8.8,1009.1
13-May-20,30.3,25.5,37.3,0.0,62.0,6.1,1008.8
14-May-20,31.0,25.8,38.0,0.0,62.0,7.0,1007.9
15-May-20,30.1,25.6,38.2,0.0,62.0,6.5,1007.0
16-May-20,28.8,25.2,36.6,0.0,62.0,10.6,1006.9
17-May-20,28.1,22.0,36.0,0.0,62.0,9.9,1006.2
18-May-20,25.2,22.9,36.8,0.0,62.0,9.7,1005.9
19-May-20,28.5,23.0,33.6,0.0,212.0,12.9,1005.4
20-May-20,29.9,23.8,35.06666666666667,0.0,212.0,13.133333333333333,1006.1666666666666
21-May-20,29.9,24.5,36.53333333333333,0.0,212.0,13.366666666666667,1006.9333333333334
22-May-20,30.0,25.2,38.0,0.0,212.0,13.6,1007.7
23-May-20,29.9,26.0,35.4,0.0,212.0,11.6,1007.9
24-May-20,30.3,25.7,36.2,0.0,212.0,12.2,1008.5
25-May-20,30.4,26.3,37.0,0.0,200.0,12.6,1009.5
26-May-20,30.5,26.0,37.3,0.0,197.0,12.5,1009.5
27-May-20,29.1,25.0,37.3,0.0,199.0,13.3,1009.3
28-May-20,27.8,22.0,36.0,0.0,209.0,11.5,1008.8
29-May-20,27.4,21.0,36.6,0.0,209.0,10.9,1008.8
30-May-20,27.9,25.0,33.2,0.0,209.0,9.8,1009.0
31-May-20,29.6,24.8,34.0,0.0,209.0,13.5,1009.7
01-Jun-20,29.2,26.6,34.8,0.0,224.0,18.5,1010.6
02-Jun-20,27.4,25.8,32.8,0.0,223.0,21.1,1010.6
03-Jun-20,28.2,23.8,33.0,0.0,217.0,20.0,1010.0
04-Jun-20,28.6,25.4,33.0,0.0,220.0,15.8,1009.8
05-Jun-20,28.0,24.8,33.4,0.0,215.0,16.8,1010.0
06-Jun-20,27.6,25.0,33.4,0.0,214.0,14.1,1009.6
07-Jun-20,26.3,23.6,33.0,5.1,203.0,15.9,1009.4
08-Jun-20,27.1,22.8,32.0,0.0,196.0,15.3,1008.2
09-Jun-20,28.3,24.0,35.0,0.0,198.0,15.6,1008.1
10-Jun-20,27.0,23.8,35.0,0.0,199.0,14.4,1007.6
11-Jun-20,26.4,22.4,33.3,0.0,203.0,17.5,1006.5
12-Jun-20,25.5,22.6,31.8,0.0,203.0,18.2,1006.1
13-Jun-20,26.5,22.8,32.4,0.5,205.0,17.0,1006.8
14-Jun-20,26.7,22.6,33.0,0.8,203.0,21.3,1007.8
15-Jun-20,27.2,23.0,33.3,0.3,203.0,19.6,1007.7
16-Jun-20,26.7,22.8,33.0,0.0,200.0,19.9,1007.2
17-Jun-20,26.4,23.6,31.0,1.0,204.0,17.4,1008.0
18-Jun-20,26.9,22.8,33.6,0.0,208.0,18.7,1009.0
19-Jun-20,27.2,23.0,34.0,0.0,199.0,14.7,1009.4
20-Jun-20,27.9,23.8,33.0,0.0,203.0,17.1,1009.0
21-Jun-20,26.7,24.0,33.8,0.0,199.0,17.7,1008.4
22-Jun-20,25.9,23.0,32.0,0.0,202.0,16.7,1007.4
23-Jun-20,26.2,22.5,31.2,0.0,196.0,15.0,1008.2
24-Jun-20,27.5,23.8,33.0,0.0,208.0,12.5,1008.2
25-Jun-20,27.7,23.6,34.0,0.5,208.0,10.0,1006.8
26-Jun-20,27.6,23.4,34.4,0.8,208.0,12.2,1006.5
27-Jun-20,27.3,24.0,33.6,0.0,204.0,15.8,1007.1
28-Jun-20,27.0,23.6,33.2,0.0,196.0,13.2,1007.1
29-Jun-20,26.9,24.0,33.2,0.0,200.0,12.7,1006.4
30-Jun-20,27.1,22.6,33.3,3.0,196.0,15.5,1006.5
01-Jul-20,27.2,23.4,34.0,0.0,204.0,16.8,1007.3
02-Jul-20,26.1,23.0,33.0,0.0,212.0,16.1,1007.5
03-Jul-20,25.1,22.4,33.0,0.0,198.0,15.9,1007.6
04-Jul-20,26.4,22.6,32.4,0.0,203.0,16.7,1006.9
05-Jul-20,26.5,23.0,33.7,0.3,205.0,17.4,1007.4666666666668
06-Jul-20,26.7,23.2,31.4,1.0,204.0,18.1,1008.0333333333332
07-Jul-20,26.5,22.6,33.0,0.0,204.0,18.1,1008.6
08-Jul-20,26.0,22.4,34.0,0.0,198.0,13.6,1009.2
09-Jul-20,25.9,22.6,32.0,15.0,198.0,12.5,1008.3
10-Jul-20,24.3,21.6,32.5,3.0,204.0,14.3,1009.2
11-Jul-20,26.2,21.0,32.0,0.5,198.0,12.2,1008.3
12-Jul-20,26.8,22.8,32.7,0.0,199.0,15.0,1007.8
13-Jul-20,26.3,23.0,32.7,0.0,197.0,13.6,1007.3
14-Jul-20,26.7,22.6,32.95,0.0,197.0,14.25,1007.25
15-Jul-20,25.4,22.6,33.2,0.0,197.0,14.9,1007.2
16-Jul-20,24.9,22.6,29.8,3.0,197.0,15.55,1007.15
17-Jul-20,25.1,22.2,31.0,5.1,209.0,16.2,1007.1
18-Jul-20,25.9,22.2,32.6,1.0,209.0,13.6,1007.45
19-Jul-20,27.2,22.2,33.0,0.0,209.0,11.0,1007.8
20-Jul-20,25.7,22.6,34.2,0.0,209.0,10.6,1007.4
21-Jul-20,27.2,21.4,34.5,15.0,186.0,9.2,1007.7
22-Jul-20,27.4,24.0,33.0,0.0,125.0,9.2,1007.8
23-Jul-20,27.6,24.0,33.8,0.5,125.0,10.1,1007.5
24-Jul-20,27.2,23.0,33.2,1.0,221.0,15.2,1008.5
25-Jul-20,26.9,24.0,33.0,0.0,211.0,15.7,1009.7
26-Jul-20,27.0,23.4,33.5,0.0,224.0,13.2,1011.2
27-Jul-20,26.3,23.2,32.0,0.0,203.0,14.2,1010.0
28-Jul-20,26.6,23.4,33.2,0.0,200.0,12.1,1008.1
29-Jul-20,24.8,22.8,32.7,0.0,201.0,14.7,1007.7
30-Jul-20,26.1,21.8,31.2,0.0,200.0,17.1,1007.2
31-Jul-20,26.4,23.0,32.2,0.0,204.0,16.6,1007.1
01-Aug-20,25.5,22.8,32.8,1.0,207.0,16.5,1008.0
02-Aug-20,24.9,21.9,30.8,1.0,207.0,18.4,1008.4
03-Aug-20,25.7,22.8,30.6,4.1,219.0,17.5,1006.9
04-Aug-20,25.9,24.0,31.7,2.0,237.0,20.8,1005.4
05-Aug-20,26.2,22.0,31.1,8.9,245.0,22.6,1004.1
06-Aug-20,25.9,23.0,31.1,1.0,228.0,18.9,1005.5
07-Aug-20,25.7,22.8,31.0,4.1,212.0,21.1,1008.3
08-Aug-20,25.2,22.4,31.0,0.0,201.0,17.8,1008.9
09-Aug-20,23.9,21.6,31.4,8.9,199.0,15.4,1008.5
10-Aug-20,24.9,21.6,30.0,0.0,202.0,16.6,1008.5
11-Aug-20,26.4,22.6,32.0,0.0,214.0,16.8,1009.8
12-Aug-20,27.0,23.4,32.6,0.0,210.0,17.5,1010.4
13-Aug-20,26.3,23.3,32.2,0.0,204.0,16.5,1008.8
14-Aug-20,26.3,23.4,31.4,0.0,204.0,17.2,1007.6
15-Aug-20,26.6,23.4,31.0,0.0,210.0,18.3,1008.0
16-Aug-20,26.8,23.4,32.0,0.0,217.0,17.2,1008.3
17-Aug-20,26.4,23.2,32.8,0.0,208.0,18.8,1007.9
18-Aug-20,26.9,23.0,32.0,0.0,211.0,17.1,1008.3
19-Aug-20,26.7,23.0,32.6,0.0,196.0,16.8,1007.6
20-Aug-20,26.4,23.0,32.4,0.0,201.0,17.0,1007.6
21-Aug-20,27.2,23.3,32.6,0.0,199.0,16.1,1009.3
22-Aug-20,27.6,23.2,34.0,0.0,199.0,14.1,1009.7
23-Aug-20,27.2,23.9,34.1,0.0,199.0,14.9,1009.6
24-Aug-20,27.9,24.6,34.0,0.0,206.0,10.5,1010.0
25-Aug-20,28.0,23.9,34.0,0.0,202.0,13.5,1010.6
26-Aug-20,27.1,24.0,34.6,0.0,200.0,14.3,1010.6
27-Aug-20,27.2,23.4,33.2,0.0,196.0,15.1,1009.3
28-Aug-20,27.3,23.0,33.0,0.0,199.0,14.2,1008.8
29-Aug-20,27.5,23.0,34.0,0.0,202.0,15.8,1008.7
30-Aug-20,27.8,23.1,34.0,0.0,196.0,15.2,1009.1
31-Aug-20,27.6,24.0,34.7,0.0,198.0,14.0,1009.5
01-Sep-20,26.5,21.8,34.3,15.0,198.0,11.9,1009.8
02-Sep-20,24.9,22.2,33.2,13.0,198.0,8.2,1009.1
03-Sep-20,26.7,22.4,32.6,23.1,198.0,7.2,1008.4
04-Sep-20,27.4,22.8,33.0,0.3,198.0,7.7,1008.2
05-Sep-20,27.7,24.4,33.4,0.3,198.0,9.45,1008.05
06-Sep-20,25.6,21.8,33.2,0.0,198.0,11.2,1007.9
07-Sep-20,25.9,21.6,33.5,7.1,213.0,17.4,1009.2
08-Sep-20,27.6,23.5,32.0,0.0,213.0,12.2,1008.7
09-Sep-20,26.4,23.6,33.2,0.0,213.0,13.1,1009.025
10-Sep-20,25.3,23.0,32.8,0.0,207.0,17.1,1009.35
11-Sep-20,25.1,23.4,29.2,0.0,219.0,17.7,1009.675
12-Sep-20,24.6,22.8,29.0,0.0,214.0,20.6,1010.0
13-Sep-20,23.8,22.2,29.2,0.0,199.0,11.8,1010.6
14-Sep-20,25.7,22.5,30.0,1.0,206.0,15.9,1009.1
15-Sep-20,26.0,22.8,31.2,0.0,204.0,15.9,1008.5
16-Sep-20,26.3,23.0,31.4,0.0,199.0,16.2,1008.9
17-Sep-20,26.2,23.0,32.2,0.0,204.0,15.4,1009.4
18-Sep-20,26.6,23.0,32.0,0.0,209.0,16.7,1008.0
19-Sep-20,24.2,22.8,31.8,0.0,215.0,20.0,1006.8
20-Sep-20,24.6,22.4,29.2,0.0,226.0,20.2,1006.7
21-Sep-20,25.5,22.5,29.0,1.0,223.0,18.4,1006.8
22-Sep-20,26.5,23.4,31.0,0.0,223.0,20.5,1007.5
23-Sep-20,26.8,22.4,32.0,0.0,211.0,17.8,1009.2
24-Sep-20,26.4,22.4,33.0,0.0,200.0,15.0,1010.8
25-Sep-20,25.9,23.8,32.0,0.0,205.0,15.2,1010.6
26-Sep-20,25.8,23.0,31.2,0.8,202.0,12.8,1010.3
27-Sep-20,27.1,23.4,32.0,0.0,203.0,12.3,1010.3
28-Sep-20,27.3,23.7,33.6,0.3,207.0,15.6,1009.6
29-Sep-20,26.6,23.4,34.1,0.0,202.0,24.5,1009.2
30-Sep-20,26.9,23.5,32.6,0.3,198.0,15.7,1009.0
01-Oct-20,26.8,23.0,32.5,0.0,192.0,15.1,1008.9
02-Oct-20,26.8,22.4,32.4,0.0,198.0,15.1,1009.1
03-Oct-20,26.8,22.9,33.1,0.0,208.0,15.4,1010.0
04-Oct-20,26.2,23.2,33.2,0.0,200.0,16.5,1010.9
05-Oct-20,26.6,21.1,32.6,0.0,202.0,13.7,1010.0
06-Oct-20,27.4,23.4,33.2,0.0,203.0,14.3,1009.3
07-Oct-20,27.7,23.6,33.2,0.0,203.0,11.2,1009.4
08-Oct-20,27.2,24.4,33.8,0.0,193.0,12.1,1009.4
09-Oct-20,26.8,23.0,32.5,0.0,194.0,12.0,1009.5
10-Oct-20,26.3,23.1,33.2,0.5,194.0,9.8,1009.2
11-Oct-20,25.3,22.6,32.8,1.0,194.0,13.9,1007.45
12-Oct-20,25.8,22.6,31.0,0.0,208.0,18.0,1005.7
13-Oct-20,25.6,21.8,32.0,0.5,219.0,21.1,1005.3
14-Oct-20,26.8,21.8,32.8,0.0,226.0,23.6,1006.6
15-Oct-20,26.5,22.8,32.8,0.0,226.0,19.05,1006.9
16-Oct-20,26.1,22.6,33.0,0.0,205.0,14.5,1007.2
17-Oct-20,27.3,22.8,33.0,0.0,201.0,10.6,1008.0
18-Oct-20,26.8,23.4,33.0,0.0,201.0,10.3,1008.9
19-Oct-20,27.0,23.8,33.0,1.0,201.0,11.7,1008.7
20-Oct-20,25.4,22.4,32.6,1.0,202.0,12.5,1008.4
21-Oct-20,25.7,22.8,31.4,4.1,202.0,16.0,1008.9
22-Oct-20,26.1,22.8,31.0,0.0,206.0,16.5,1008.9
23-Oct-20,26.0,22.0,32.0,0.0,201.0,15.9,1009.2
24-Oct-20,27.8,22.6,33.0,0.0,200.0,15.1,1010.2
25-Oct-20,27.4,22.0,33.7,0.0,200.0,11.35,1010.8
26-Oct-20,28.2,23.0,35.0,0.0,200.0,7.6,1011.4
27-Oct-20,28.0,24.0,35.2,0.0,132.0,8.3,1011.1
28-Oct-20,28.4,23.2,34.6,0.0,132.0,7.3,1011.3
29-Oct-20,28.4,22.9,35.4,0.0,32.0,6.7,1011.35
30-Oct-20,28.3,22.4,35.0,0.0,32.0,8.0,1011.4
31-Oct-20,28.7,23.6,35.0,0.0,32.0,5.5,1011.4
01-Nov-20,28.1,23.9,35.6,0.0,32.0,7.7,1012.2
02-Nov-20,27.6,23.6,34.8,0.0,32.0,6.7,1012.8
03-Nov-20,26.5,22.6,34.4,26.9,32.0,7.3,1013.1
04-Nov-20,27.7,24.0,32.6,1.0,52.0,7.8,1012.3
05-Nov-20,25.2,22.0,33.0,2.0,52.0,7.6,1013.1
06-Nov-20,26.5,22.6,31.4,9.9,52.0,7.4,1014.4
07-Nov-20,27.2,23.4,32.0,0.0,52.0,8.0,1014.4
08-Nov-20,25.4,23.0,32.4,0.0,52.0,6.5,1015.0
09-Nov-20,27.6,23.4,31.6,5.1,52.0,8.0,1013.4
10-Nov-20,24.9,21.1,32.2,0.0,52.0,7.2,1012.6
11-Nov-20,26.1,18.8,31.2,0.0,52.0,6.4,1011.8
12-Nov-20,27.9,23.4,32.0,0.0,52.0,10.8,1011.9
13-Nov-20,25.4,24.0,32.7,0.0,52.0,10.6,1012.5
14-Nov-20,26.9,22.6,31.2,0.0,52.0,9.9,1012.3666666666668
15-Nov-20,26.6,22.5,31.0,0.0,52.0,9.85,1012.2333333333332
16-Nov-20,25.2,23.0,30.4,3.0,52.0,9.8,1012.1
17-Nov-20,23.6,22.0,29.0,34.0,52.0,9.8,1011.95
18-Nov-20,25.2,21.9,30.0,31.0,52.0,9.8,1011.8
19-Nov-20,25.9,22.8,30.0,5.1,47.0,10.9,1012.4
20-Nov-20,26.3,23.0,31.0,0.0,47.0,8.3,1012.9
21-Nov-20,25.7,20.8,31.2,0.0,42.0,7.1,1013.2
22-Nov-20,23.9,19.4,31.6,0.0,42.0,6.6,1014.2
23-Nov-20,25.0,18.4,31.0,0.0,22.0,6.3,1013.6
24-Nov-20,25.9,21.2,31.5,0.0,22.0,4.9,1012.0
25-Nov-20,26.4,21.9,30.4,0.0,22.0,5.2,1009.9
26-Nov-20,26.2,23.0,30.5,0.0,22.0,6.2,1009.8
27-Nov-20,25.5,21.8,32.0,0.0,22.0,7.1,1011.7
28-Nov-20,24.9,21.6,32.2,10.9,22.0,7.1,1013.6
29-Nov-20,25.2,22.0,28.8,2.0,22.0,8.6,1014.0
30-Nov-20,25.9,22.6,30.0,0.5,13.0,13.5,1014.0
01-Dec-20,24.6,20.5,30.2,0.0,13.0,10.7,1014.2
02-Dec-20,24.8,19.3,30.0,0.0,13.0,6.6,1012.5
03-Dec-20,23.2,22.6,29.5,1.0,13.0,3.1,1011.2
04-Dec-20,24.6,22.0,27.4,3.0,13.0,6.7,1010.1
05-Dec-20,24.9,21.2,28.0,4.1,13.0,9.3,1010.8
06-Dec-20,25.2,22.6,28.5,0.0,34.0,9.2,1012.0
07-Dec-20,23.9,22.8,25.6,0.0,34.0,8.6,1013.9
08-Dec-20,24.3,22.0,29.0,0.0,34.0,9.1,1014.0
09-Dec-20,25.3,21.2,29.2,0.0,34.0,10.9,1014.1
10-Dec-20,25.2,22.0,29.8,0.0,34.0,9.3,1014.3
11-Dec-20,24.3,20.6,29.8,0.0,51.0,6.6,1014.2
12-Dec-20,24.0,21.0,29.7,0.0,51.0,6.3,1013.7
13-Dec-20,24.3,20.3,29.7,0.0,51.0,6.1,1013.0
14-Dec-20,23.7,21.2,29.0,0.0,51.0,6.8,1012.9
15-Dec-20,24.9,18.8,30.0,0.0,51.0,8.8,1013.8
16-Dec-20,24.6,23.0,30.0,0.0,50.0,10.6,1014.4
17-Dec-20,23.9,21.8,28.5,3.0,44.0,8.3,1014.5
18-Dec-20,24.3,21.8,28.25,0.0,44.0,9.0,1014.7
19-Dec-20,23.8,20.7,28.0,0.0,44.0,9.7,1014.9
20-Dec-20,23.6,19.6,28.75,0.0,44.0,9.9,1014.7
21-Dec-20,23.2,18.5,29.5,0.0,44.0,10.1,1014.5
22-Dec-20,24.1,18.7,28.3,0.0,44.0,6.6,1013.6
23-Dec-20,23.5,20.8,28.8,0.0,44.0,5.4,1012.9
24-Dec-20,24.4,20.4,28.6,0.0,44.0,6.8,1011.9
25-Dec-20,23.5,21.0,29.3,0.0,44.0,6.1,1012.9
26-Dec-20,24.0,20.0,29.0,0.0,44.0,6.9,1013.7
27-Dec-20,24.8,17.2,30.1,0.0,44.0,7.4,1013.2
28-Dec-20,24.1,20.8,31.2,0.0,44.0,7.9,1012.7
29-Dec-20,25.6,20.0,31.0,0.0,44.0,8.9,1012.2
30-Dec-20,26.2,22.6,31.2,0.0,44.0,9.8,1012.2
31-Dec-20,23.1,21.8,30.2,0.0,44.0,10.45,1013.0
01-Jan-21,23.0,21.0,27.0,20.1,52.0,11.1,1013.8
02-Jan-21,24.1,18.9,27.4,0.6,39.0,8.8,1013.5
03-Jan-21,23.3,21.4,28.7,3.2,27.0,8.3,1012.4
04-Jan-21,22.7,22.0,25.8,2.9,11.0,7.7,1012.6
05-Jan-21,24.8,21.0,28.6,6.0,49.0,7.0,1012.6
06-Jan-21,25.0,22.0,29.0,7.3,38.0,7.2,1012.0
07-Jan-21,24.8,21.6,30.0,113.0,58.0,8.8,1010.6
08-Jan-21,24.7,23.0,29.1,0.0,71.0,9.9,1010.3
09-Jan-21,23.9,22.4,29.1,1.0,43.0,6.8,1011.1
10-Jan-21,24.8,21.9,29.0,37.1,54.0,7.3,1011.7
11-Jan-21,23.8,22.8,28.8,0.0,30.0,8.0,1012.5
12-Jan-21,24.2,21.8,27.2,2.0,49.0,12.9,1012.0
13-Jan-21,22.8,21.6,28.0,0.0,40.0,11.9,1012.3
14-Jan-21,22.8,20.8,26.5,7.9,17.0,8.1,1012.4
15-Jan-21,22.4,21.4,26.6,1.0,359.0,6.9,1012.5
16-Jan-21,24.4,20.4,27.2,1.0,33.0,6.5,1011.3
17-Jan-21,24.2,20.9,29.0,0.0,64.0,8.7,1012.2
18-Jan-21,23.0,18.7,29.0,0.0,63.0,7.9,1013.2
19-Jan-21,23.8,18.6,29.0,0.0,64.0,6.2,1013.1
20-Jan-21,25.8,19.5,31.0,0.0,57.0,5.6,1013.3
21-Jan-21,26.3,22.0,31.7,0.6,50.0,5.2,1013.1
22-Jan-21,25.3,22.6,31.3,3.0,50.0,4.7,1012.5
23-Jan-21,25.4,23.0,30.6,14.0,78.0,8.4,1013.1
24-Jan-21,24.4,21.0,30.6,0.0,72.0,7.5,1013.8
25-Jan-21,23.7,19.5,30.3,0.1,57.0,8.6,1014.8
26-Jan-21,23.9,18.7,30.0,0.0,73.0,8.3,1013.8
27-Jan-21,23.8,19.0,30.4,0.0,64.0,8.5,1014.0
28-Jan-21,24.7,17.6,30.6,0.0,60.0,8.9,1014.3
29-Jan-21,24.8,19.7,29.8,0.5,53.0,7.8,1015.7
30-Jan-21,26.1,21.3,30.2,0.0,67.0,8.5,1013.8
31-Jan-21,25.8,21.0,31.0,0.3,75.0,9.2,1014.1
01-Feb-21,25.7,19.6,31.4,0.0,77.0,11.1,1015.7
02-Feb-21,25.7,20.4,31.5,0.0,68.0,11.4,1016.0
03-Feb-21,25.4,20.6,31.5,0.0,71.0,11.1,1015.5
04-Feb-21,24.8,20.0,30.3,0.0,67.0,11.5,1015.5
05-Feb-21,24.8,18.6,30.8,0.0,74.0,8.0,1014.6
06-Feb-21,25.1,19.3,31.0,0.0,65.0,10.2,1013.4
07-Feb-21,25.1,17.5,32.0,0.0,61.0,8.4,1013.7
08-Feb-21,24.4,17.0,32.0,0.0,57.0,10.9,1014.5
09-Feb-21,23.4,18.1,31.0,0.0,53.0,9.5,1014.0
10-Feb-21,23.6,17.0,31.0,0.0,67.0,8.5,1013.7
11-Feb-21,24.0,17.8,30.0,0.0,62.0,9.4,1013.4
12-Feb-21,24.6,18.0,31.0,0.0,58.0,8.0,1014.0
13-Feb-21,26.2,19.0,32.0,0.0,67.0,6.1,1014.5
14-Feb-21,26.4,21.4,33.0,0.0,73.0,8.3,1014.2
15-Feb-21,26.8,21.0,33.6,0.0,87.0,7.4,1013.0
16-Feb-21,26.7,22.4,33.6,3.3,70.0,8.4,1012.7
17-Feb-21,27.0,22.6,32.2,2.2,78.0,7.0,1011.9
18-Feb-21,26.2,22.0,32.6,1.4,79.0,10.1,1013.4
19-Feb-21,26.8,22.0,31.0,0.1,76.0,8.7,1013.8
20-Feb-21,25.9,23.0,30.0,8.5,61.0,11.6,1013.5
21-Feb-21,24.4,22.0,30.0,4.0,53.0,10.4,1014.1
22-Feb-21,26.7,21.6,31.0,1.6,47.0,8.0,1014.5
23-Feb-21,27.6,21.4,33.0,0.4,62.0,10.4,1013.1
24-Feb-21,27.5,21.7,33.8,0.0,78.0,9.7,1012.6
25-Feb-21,28.2,21.6,35.0,0.0,84.0,7.6,1012.2
26-Feb-21,28.4,22.1,35.3,0.0,88.0,5.6,1011.0
27-Feb-21,28.8,21.7,35.0,0.0,48.0,6.1,1010.1
28-Feb-21,28.2,21.4,36.1,0.0,49.0,9.5,1010.8
01-Mar-21,27.3,20.2,35.4,0.0,55.0,8.1,1013.8
02-Mar-21,27.6,20.4,35.0,0.0,43.0,10.3,1013.9
03-Mar-21,27.8,19.9,35.1,0.0,57.0,13.9,1012.8
04-Mar-21,26.3,21.0,35.0,0.0,54.0,11.3,1013.1
05-Mar-21,27.0,20.0,34.0,0.0,54.0,6.9,1014.0
06-Mar-21,28.7,21.5,36.2,0.0,56.0,8.1,1013.7
07-Mar-21,28.7,22.4,36.4,0.0,69.0,9.7,1012.7
08-Mar-21,28.3,22.5,36.1,0.0,57.0,10.3,1013.2
09-Mar-21,28.3,22.2,34.6,0.2,66.0,10.3,1013.9
10-Mar-21,28.5,23.8,35.2,3.5,62.0,11.1,1013.5
11-Mar-21,28.2,23.0,34.8,3.3,47.0,10.6,1013.8
12-Mar-21,27.9,22.5,34.6,0.0,46.0,11.6,1014.6
13-Mar-21,28.1,21.0,34.0,0.0,53.0,11.7,1014.0
14-Mar-21,28.8,23.0,34.4,0.0,65.0,12.2,1012.7
15-Mar-21,29.0,22.6,35.0,0.0,55.0,11.3,1011.9
16-Mar-21,29.3,21.0,35.2,0.0,63.0,9.0,1012.0
17-Mar-21,28.8,21.6,35.8,0.0,44.0,8.7,1011.1
18-Mar-21,29.4,23.0,36.3,0.0,54.0,9.3,1011.0
19-Mar-21,28.3,22.5,36.3,0.0,65.0,7.8,1010.8
20-Mar-21,29.0,23.0,35.2,0.0,77.0,8.2,1009.5
21-Mar-21,29.1,23.8,36.0,0.0,128.0,7.1,1009.4
22-Mar-21,30.0,24.6,36.4,0.0,74.0,7.6,1010.8
23-Mar-21,29.8,23.6,36.2,0.0,63.0,8.8,1011.4
24-Mar-21,30.2,23.7,36.1,0.0,72.0,10.4,1011.6
25-Mar-21,30.4,24.6,36.4,0.0,72.0,8.5,1010.3
26-Mar-21,30.4,22.4,37.0,0.0,68.0,9.0,1009.7
27-Mar-21,30.5,25.0,36.3,0.0,67.0,9.1,1009.7
28-Mar-21,30.2,23.9,36.1,0.0,161.0,9.0,1009.1
29-Mar-21,29.7,24.5,37.0,0.0,190.0,9.4,1008.7
30-Mar-21,30.1,24.3,37.3,0.0,204.0,8.0,1007.6
31-Mar-21,29.9,26.0,37.4,0.1,199.0,14.9,1006.2
01-Apr-21,29.6,24.1,38.2,0.0,208.0,15.0,1006.9
02-Apr-21,29.2,24.0,37.9,0.0,203.0,16.0,1006.8
03-Apr-21,28.7,24.6,36.7,0.0,203.0,16.2,1007.9
04-Apr-21,29.3,24.7,36.0,0.1,203.0,13.6,1008.7
05-Apr-21,29.9,23.6,37.2,1.0,184.0,9.8,1008.7
06-Apr-21,30.6,25.4,38.0,0.0,62.0,8.8,1009.6
07-Apr-21,30.2,24.4,36.3,0.0,126.0,10.5,1011.1
08-Apr-21,29.4,23.9,37.0,0.0,193.0,7.2,1010.2
09-Apr-21,30.0,24.8,36.3,0.0,129.0,8.4,1009.3
10-Apr-21,29.4,24.0,36.2,0.2,59.0,9.2,1010.8
11-Apr-21,29.1,24.6,35.6,0.4,87.0,7.7,1012.3
12-Apr-21,29.0,25.0,35.0,9.3,31.0,8.4,1012.8
13-Apr-21,28.9,24.7,36.2,2.0,44.0,7.7,1012.1
14-Apr-21,27.7,23.0,36.1,0.0,30.0,8.8,1011.6
15-Apr-21,27.0,20.8,34.3,15.0,45.0,9.8,1012.0
16-Apr-21,28.9,23.0,36.0,0.0,161.0,9.4,1010.8
17-Apr-21,29.6,24.5,36.3,0.5,237.0,7.8,1011.3
18-Apr-21,28.6,26.0,36.3,0.0,198.0,11.6,1012.8
19-Apr-21,29.0,24.0,35.0,1.0,206.0,11.9,1010.9
20-Apr-21,25.8,20.8,35.7,15.0,203.0,11.8,1010.6
21-Apr-21,28.4,23.2,34.0,0.0,195.0,11.2,1011.0
22-Apr-21,29.3,25.0,35.0,0.1,206.0,9.6,1011.1
23-Apr-21,28.6,25.0,36.0,2.0,202.0,10.9,1011.1
24-Apr-21,29.1,25.0,35.0,5.3,202.0,8.4,1010.4
25-Apr-21,29.2,24.6,36.2,0.1,200.0,7.2,1010.2
26-Apr-21,29.6,25.6,36.0,0.1,201.0,9.3,1009.7
27-Apr-21,29.4,24.8,35.4,0.2,193.0,9.1,1010.2
28-Apr-21,29.8,24.9,36.3,0.2,198.0,9.7,1010.9
29-Apr-21,29.4,25.5,36.3,0.1,205.0,12.1,1009.9
30-Apr-21,30.1,25.4,36.8,1.4,165.0,8.6,1009.2
01-May-21,30.6,25.4,36.3,1.6,62.0,8.1,1009.4
02-May-21,30.2,24.3,36.4,1.4,56.0,9.9,1009.8
03-May-21,29.9,25.5,36.6,4.9,91.0,9.2,1009.4
04-May-21,28.4,23.3,36.8,4.8,261.0,6.7,1009.4
05-May-21,29.7,24.4,35.3,0.1,33.0,8.1,1009.1
06-May-21,30.2,25.3,35.8,2.9,41.0,7.8,1010.1
07-May-21,29.3,24.6,36.0,3.2,24.0,12.0,1011.0
08-May-21,29.2,23.4,36.8,6.1,42.0,8.7,1010.3
09-May-21,29.9,25.8,35.0,0.0,53.0,9.3,1009.0
10-May-21,29.6,26.8,36.3,2.9,115.0,8.1,1008.5
11-May-21,29.9,25.8,36.4,0.5,198.0,11.7,1008.4
12-May-21,29.1,24.9,36.3,0.0,190.0,11.6,1007.4
13-May-21,29.1,25.0,35.4,0.0,208.0,13.8,1007.0
14-May-21,27.7,23.4,35.2,15.3,223.0,18.3,1006.6
15-May-21,24.0,22.4,33.3,7.9,201.0,13.3,1006.0
16-May-21,25.4,22.9,29.0,7.9,207.0,14.8,1007.4
17-May-21,27.7,23.0,33.4,1.0,213.0,16.0,1008.5
18-May-21,29.2,24.1,34.5,0.0,217.0,15.1,1008.9
19-May-21,29.2,25.1,34.5,0.1,217.0,17.2,1008.1
20-May-21,28.8,25.4,34.9,0.2,212.0,15.5,1008.9
21-May-21,27.6,25.4,34.0,0.6,213.0,18.3,1009.6
22-May-21,28.2,25.0,34.4,0.1,213.0,13.3,1008.9
23-May-21,27.9,22.5,34.8,0.2,213.0,14.7,1008.7
24-May-21,29.1,24.0,34.0,2.0,203.0,17.0,1009.1
25-May-21,28.2,22.9,34.1,0.0,211.0,19.8,1008.0
26-May-21,25.8,23.2,34.2,0.0,203.0,17.2,1008.0
27-May-21,27.4,23.0,33.2,0.0,202.0,19.4,1008.4
28-May-21,28.2,23.6,34.0,0.0,205.0,15.8,1009.0
29-May-21,27.5,23.6,34.9,0.6,206.0,17.6,1009.8
30-May-21,28.9,23.7,35.8,0.0,206.0,16.8,1009.4
31-May-21,28.1,23.9,35.8,0.0,202.0,16.0,1008.2
01-Jun-21,27.7,23.0,34.7,0.0,202.0,18.3,1008.4
02-Jun-21,29.3,23.4,35.6,0.0,202.0,15.1,1008.3
03-Jun-21,29.6,25.1,35.6,0.5,210.0,11.6,1008.8
04-Jun-21,28.0,23.6,35.6,0.3,209.0,13.7,1010.0
05-Jun-21,26.8,24.4,34.6,0.0,217.0,12.1,1010.0
06-Jun-21,28.6,24.8,34.0,31.4,209.0,13.2,1009.7
07-Jun-21,29.3,23.8,34.7,0.0,202.0,12.8,1009.6
08-Jun-21,28.7,24.4,34.7,0.0,206.0,14.6,1009.1
09-Jun-21,27.8,23.4,35.5,0.0,203.0,16.6,1008.5
10-Jun-21,27.6,24.0,34.0,0.0,209.0,16.6,1007.9
11-Jun-21,27.6,23.2,34.7,0.0,213.0,19.4,1008.2
12-Jun-21,27.0,23.8,34.0,0.1,212.0,18.3,1008.3
13-Jun-21,25.9,23.0,32.9,0.3,218.0,19.5,1008.3
14-Jun-21,24.6,22.2,30.4,0.8,216.0,18.8,1008.3
15-Jun-21,26.9,23.0,31.0,1.0,221.0,19.8,1007.2
16-Jun-21,26.7,23.6,31.8,0.5,214.0,18.6,1008.7
17-Jun-21,27.4,23.1,32.0,1.0,227.0,20.0,1009.5
18-Jun-21,27.6,24.4,32.3,0.0,218.0,17.1,1010.4
19-Jun-21,28.1,24.8,32.6,0.0,222.0,19.3,1011.5
20-Jun-21,27.8,24.0,33.0,0.0,208.0,17.8,1011.5
21-Jun-21,27.2,23.4,34.5,0.0,202.0,16.3,1010.9
22-Jun-21,27.4,23.4,33.0,0.0,201.0,14.9,1009.7
23-Jun-21,27.4,24.0,33.0,0.4,202.0,13.1,1009.5
24-Jun-21,26.8,22.6,33.6,0.0,208.0,16.7,1010.2
25-Jun-21,27.9,23.6,34.0,0.0,202.0,16.5,1009.0
26-Jun-21,26.6,23.0,34.4,0.0,204.0,17.5,1008.8
27-Jun-21,25.6,22.3,33.0,0.3,197.0,12.0,1009.9
28-Jun-21,26.6,23.0,32.0,0.2,203.0,12.5,1009.4
29-Jun-21,27.3,23.0,33.0,0.0,209.0,13.7,1008.3
30-Jun-21,28.5,24.0,34.2,0.0,202.0,14.6,1008.4
01-Jul-21,27.8,24.8,34.5,1.5,198.0,14.6,1007.6
02-Jul-21,27.7,23.6,35.0,0.5,202.0,15.7,1008.4
03-Jul-21,27.3,23.2,33.4,0.0,202.0,13.3,1008.9
04-Jul-21,27.3,24.0,33.8,6.8,205.0,13.2,1009.0
05-Jul-21,27.4,23.9,34.2,3.0,208.0,10.9,1008.3
06-Jul-21,28.1,23.8,34.2,0.0,202.0,11.1,1007.0
07-Jul-21,28.3,24.8,34.8,0.0,202.0,12.8,1007.4
08-Jul-21,28.4,24.0,35.0,0.3,198.0,14.4,1007.3
09-Jul-21,26.7,22.6,34.8,1.7,203.0,17.4,1006.3
10-Jul-21,23.7,22.0,31.9,0.3,209.0,20.9,1006.7
11-Jul-21,24.8,20.8,29.0,0.5,209.0,18.9,1006.4
12-Jul-21,25.7,22.0,30.0,0.3,210.0,17.5,1006.4
13-Jul-21,25.9,23.0,30.7,0.5,206.0,15.0,1007.1
14-Jul-21,25.8,21.9,31.8,0.0,209.0,15.8,1007.4
15-Jul-21,24.4,21.4,30.8,0.3,204.0,10.3,1007.6
16-Jul-21,25.4,22.0,30.0,4.1,195.0,13.1,1009.1
17-Jul-21,25.4,23.0,32.0,0.0,198.0,12.7,1009.3
18-Jul-21,23.3,21.4,32.7,4.1,203.0,12.1,1009.1
19-Jul-21,26.6,22.0,32.0,6.1,208.0,17.4,1008.9
20-Jul-21,27.7,23.4,33.0,0.0,217.0,20.5,1010.3
21-Jul-21,26.8,23.4,33.6,0.3,226.0,23.0,1009.7
22-Jul-21,27.1,24.0,31.0,0.0,234.0,22.5,1007.0
23-Jul-21,25.9,24.2,31.5,0.0,227.0,17.5,1006.4
24-Jul-21,26.6,23.0,31.2,1.0,208.0,16.6,1007.7
25-Jul-21,26.1,22.9,32.0,0.0,205.0,17.7,1009.2
26-Jul-21,26.5,24.0,31.2,0.4,209.0,19.2,1009.5
27-Jul-21,26.2,22.6,32.0,0.0,206.0,18.0,1009.2
28-Jul-21,27.0,23.0,33.0,0.0,207.0,18.6,1009.7
29-Jul-21,26.9,22.8,32.8,0.0,209.0,19.6,1010.3
30-Jul-21,26.7,23.0,32.9,0.0,205.0,17.3,1011.1
31-Jul-21,27.1,23.0,33.0,0.0,208.0,16.6,1011.4
01-Aug-21,26.7,22.6,33.8,0.0,202.0,17.4,1010.3
02-Aug-21,26.8,22.9,32.9,0.0,218.0,20.7,1010.5
03-Aug-21,26.6,22.7,32.9,0.0,211.0,17.9,1011.6
04-Aug-21,26.3,22.4,32.5,0.0,201.0,18.3,1012.2
05-Aug-21,26.7,23.6,32.0,0.2,208.0,16.1,1010.3
06-Aug-21,26.6,22.4,32.7,0.6,199.0,14.8,1009.0
07-Aug-21,26.2,23.0,32.8,0.2,199.0,15.2,1009.6
08-Aug-21,27.2,23.0,34.6,0.6,200.0,16.1,1009.8
09-Aug-21,27.1,22.6,34.8,0.5,203.0,16.7,1010.4
10-Aug-21,26.2,22.8,33.3,0.2,201.0,17.6,1010.6
11-Aug-21,26.1,22.8,32.5,7.3,199.0,15.6,1010.6
12-Aug-21,25.9,22.6,32.3,5.7,196.0,15.8,1011.5
13-Aug-21,26.0,22.8,32.0,0.3,199.0,14.3,1010.0
14-Aug-21,25.2,21.8,32.6,9.9,199.0,13.0,1009.0
15-Aug-21,26.3,21.6,31.3,0.0,204.0,15.6,1009.0
16-Aug-21,26.0,22.6,32.0,0.6,201.0,14.9,1009.8
17-Aug-21,26.6,22.8,31.4,0.5,199.0,16.8,1010.1
18-Aug-21,26.3,23.8,32.6,0.0,212.0,17.9,1009.2
19-Aug-21,25.7,20.9,33.4,0.0,202.0,17.5,1008.5
20-Aug-21,26.8,22.4,32.3,0.4,202.0,15.5,1008.7
21-Aug-21,25.7,24.0,32.2,1.6,193.0,8.9,1010.6
22-Aug-21,26.0,23.0,31.6,0.2,205.0,6.9,1010.4
23-Aug-21,26.6,23.1,32.7,1.0,212.0,10.1,1010.1
24-Aug-21,27.6,23.1,33.0,0.0,204.0,11.9,1009.8
25-Aug-21,27.7,23.4,33.8,0.0,210.0,14.1,1008.9
26-Aug-21,27.7,23.4,33.8,0.0,210.0,15.7,1007.5
27-Aug-21,25.5,23.0,33.5,0.2,205.0,16.7,1007.4
28-Aug-21,25.1,22.8,30.0,0.8,207.0,16.6,1006.7
29-Aug-21,24.9,21.3,31.0,3.0,211.0,16.7,1006.5
30-Aug-21,26.0,20.9,33.0,0.0,216.0,19.3,1007.1
31-Aug-21,26.9,23.2,33.5,0.1,226.0,15.6,1008.2
01-Sep-21,27.2,23.4,32.9,0.5,227.0,15.8,1009.1
02-Sep-21,25.4,23.4,32.8,1.2,228.0,12.8,1009.1
03-Sep-21,24.4,22.2,31.9,13.4,215.0,10.2,1009.0
04-Sep-21,25.1,22.8,29.0,1.0,228.0,16.2,1009.0
05-Sep-21,25.4,22.8,31.0,1.4,231.0,17.1,1008.9
06-Sep-21,25.1,22.2,31.7,2.0,218.0,18.5,1008.9
07-Sep-21,26.0,22.0,31.0,0.0,227.0,18.5,1008.9
08-Sep-21,26.6,23.0,31.0,0.1,229.0,20.2,1010.0
09-Sep-21,26.9,23.0,32.0,0.1,225.0,18.9,1010.7
10-Sep-21,27.1,23.0,33.0,0.1,212.0,16.8,1010.1
11-Sep-21,26.7,23.4,33.5,0.0,233.0,17.9,1009.3
12-Sep-21,26.7,24.0,32.0,0.7,230.0,20.2,1008.2
13-Sep-21,26.0,22.8,32.6,0.0,224.0,19.5,1007.8
14-Sep-21,27.3,23.6,33.2,0.0,218.0,20.1,1008.1
15-Sep-21,27.2,23.2,34.2,0.2,224.0,16.5,1008.8
16-Sep-21,27.0,23.3,33.1,0.8,218.0,16.7,1008.6
17-Sep-21,27.6,24.0,33.0,0.2,219.0,13.3,1008.4
18-Sep-21,27.1,23.8,34.0,0.0,204.0,11.8,1009.6
19-Sep-21,28.4,24.6,35.0,0.2,217.0,12.1,1010.6
20-Sep-21,27.5,24.6,35.0,7.5,222.0,12.3,1010.4
21-Sep-21,27.5,24.0,33.8,0.2,213.0,17.6,1009.5
22-Sep-21,27.4,23.2,34.1,1.3,214.0,13.3,1007.9
23-Sep-21,26.9,23.4,33.6,2.5,217.0,13.6,1008.4
24-Sep-21,27.6,24.0,34.0,0.8,217.0,11.3,1008.9
25-Sep-21,27.2,23.0,34.4,10.9,223.0,13.1,1008.8
26-Sep-21,26.3,23.4,32.6,0.0,220.0,15.2,1006.8
27-Sep-21,24.5,22.6,31.8,7.7,227.0,19.9,1006.4
28-Sep-21,26.4,21.8,31.2,0.0,233.0,20.0,1008.3
29-Sep-21,27.1,23.0,33.0,1.3,226.0,17.4,1009.3
30-Sep-21,27.3,22.2,33.3,2.3,221.0,14.0,1010.1
01-Oct-21,25.7,23.4,33.6,8.9,209.0,6.4,1010.1
02-Oct-21,26.9,22.4,32.0,18.0,88.0,7.3,1009.1
03-Oct-21,27.2,22.7,32.5,10.9,68.0,7.0,1009.2
04-Oct-21,27.2,24.0,33.0,0.0,174.0,8.2,1008.6
05-Oct-21,26.3,23.0,33.0,0.8,230.0,8.2,1008.3
06-Oct-21,26.7,22.7,32.0,3.0,218.0,9.6,1007.3
07-Oct-21,28.3,23.4,33.0,0.0,228.0,11.8,1007.7
08-Oct-21,27.6,24.8,32.0,0.0,231.0,16.2,1009.0
09-Oct-21,26.4,23.0,32.0,0.5,234.0,15.2,1010.7
10-Oct-21,26.4,23.4,30.9,0.0,221.0,15.7,1009.8
11-Oct-21,25.7,24.0,31.4,2.0,221.0,12.1,1008.6
12-Oct-21,24.7,22.2,32.0,8.9,223.0,14.9,1008.6
13-Oct-21,26.6,22.0,31.0,0.0,224.0,14.5,1008.1
14-Oct-21,26.5,23.7,31.2,0.3,237.0,13.2,1007.1
15-Oct-21,28.4,23.2,33.4,0.0,219.0,10.6,1004.4
16-Oct-21,25.2,22.0,34.0,11.4,243.0,9.2,1004.1
17-Oct-21,25.3,22.0,32.2,6.0,225.0,13.4,1007.0
18-Oct-21,25.9,23.2,31.0,0.2,221.0,13.9,1009.5
19-Oct-21,27.0,23.8,31.0,0.2,204.0,10.0,1011.5
20-Oct-21,25.3,23.8,32.0,19.8,207.0,6.9,1013.0
21-Oct-21,26.1,23.0,31.6,28.3,51.0,7.9,1013.1
22-Oct-21,27.6,23.8,32.0,12.1,64.0,6.1,1013.4
23-Oct-21,25.8,21.3,32.0,16.0,93.0,8.7,1013.9
24-Oct-21,26.6,23.0,31.0,0.0,247.0,7.2,1013.8
25-Oct-21,26.6,22.4,32.5,7.0,49.0,6.8,1012.3
26-Oct-21,25.3,22.2,32.4,4.1,344.0,3.7,1011.9
27-Oct-21,25.7,24.0,30.0,0.0,42.0,7.7,1011.4
28-Oct-21,26.9,21.4,30.5,9.9,47.0,6.4,1011.6
29-Oct-21,25.8,23.4,30.8,0.0,32.0,4.0,1012.3
30-Oct-21,26.4,24.0,30.0,6.0,57.0,7.3,1012.9
31-Oct-21,25.1,23.4,30.3,4.1,41.0,6.1,1013.0
01-Nov-21,25.2,22.6,29.0,4.1,49.0,6.4,1011.7
02-Nov-21,24.8,22.8,30.2,36.1,42.0,7.9,1011.4
03-Nov-21,24.8,22.1,28.7,7.1,46.0,6.5,1012.2
04-Nov-21,25.7,22.4,29.4,0.0,53.0,5.5,1011.7
05-Nov-21,26.2,22.1,31.0,0.5,323.0,4.7,1011.6
06-Nov-21,25.9,23.2,31.4,0.0,341.0,5.0,1010.4
07-Nov-21,25.0,22.0,31.6,19.1,288.0,4.6,1010.3
08-Nov-21,24.1,20.4,29.8,46.0,64.0,4.0,1011.7
09-Nov-21,23.8,21.4,26.4,0.0,62.0,5.0,1011.8
10-Nov-21,24.2,20.7,27.8,1.0,25.0,3.8,1010.6
11-Nov-21,26.1,22.7,30.2,0.0,253.0,5.8,1007.8
12-Nov-21,24.2,21.8,30.6,2.0,202.0,5.9,1007.9
13-Nov-21,25.8,21.7,29.6,1.0,224.0,11.5,1008.9
14-Nov-21,25.7,22.8,30.7,0.0,236.0,12.2,1009.3
15-Nov-21,25.7,22.8,30.0,0.0,232.0,11.9,1008.4
16-Nov-21,26.4,23.0,32.0,3.0,219.0,10.1,1008.3
17-Nov-21,25.3,22.4,32.3,1.0,335.0,5.8,1010.6
18-Nov-21,24.1,21.2,32.0,57.9,205.0,5.6,1009.0
19-Nov-21,25.5,22.1,30.0,0.0,200.0,11.8,1005.8
20-Nov-21,25.6,22.4,30.5,0.1,209.0,14.4,1007.4
21-Nov-21,25.9,22.0,31.0,0.0,338.0,4.9,1010.3
22-Nov-21,26.1,23.0,31.0,4.7,358.0,4.9,1011.6
23-Nov-21,26.3,21.8,31.1,7.1,36.0,4.4,1011.3
24-Nov-21,25.6,23.0,31.0,0.3,35.0,4.8,1011.6
25-Nov-21,24.9,22.0,28.4,0.0,44.0,5.5,1011.5
26-Nov-21,24.6,21.8,28.7,10.9,39.0,6.4,1012.0
27-Nov-21,24.8,21.4,28.5,0.0,56.0,8.8,1011.9
28-Nov-21,25.0,23.0,28.0,28.1,54.0,12.2,1011.9
29-Nov-21,24.8,21.8,28.8,0.8,49.0,10.8,1012.9
30-Nov-21,23.9,23.0,27.3,0.3,33.0,8.6,1013.2
01-Dec-21,25.9,21.7,30.0,5.1,62.0,7.6,1012.5
02-Dec-21,26.5,23.0,31.0,0.0,47.0,5.8,1012.4
03-Dec-21,26.0,23.0,31.2,1.0,116.0,6.4,1012.9
04-Dec-21,24.9,22.6,30.2,0.0,157.0,5.4,1013.1
05-Dec-21,26.3,22.8,32.0,4.1,259.0,4.1,1012.8
06-Dec-21,25.9,22.4,32.4,2.0,44.0,6.0,1012.9
07-Dec-21,26.4,23.2,30.2,0.0,43.0,6.4,1012.9
08-Dec-21,25.7,22.4,30.5,1.8,67.0,8.3,1013.2
09-Dec-21,25.2,22.6,30.4,1.0,76.0,7.7,1014.6
10-Dec-21,25.3,21.8,29.0,0.8,57.0,8.7,1015.1
11-Dec-21,25.3,22.0,30.0,0.0,46.0,9.1,1014.5
12-Dec-21,25.5,21.2,30.1,0.3,40.0,10.5,1014.8
13-Dec-21,25.6,20.6,30.2,0.0,47.0,9.9,1013.7
14-Dec-21,24.2,21.4,30.4,11.9,40.0,9.6,1013.7
15-Dec-21,25.2,20.8,28.6,0.3,33.0,8.4,1014.2
16-Dec-21,25.2,20.6,29.6,0.0,51.0,7.6,1014.8
17-Dec-21,25.4,20.8,30.3,0.0,53.0,7.0,1015.1
18-Dec-21,24.6,20.0,30.3,0.0,47.0,7.5,1014.5
19-Dec-21,24.4,20.8,29.7,0.0,55.0,9.0,1015.6
20-Dec-21,23.5,19.0,29.1,0.0,31.0,7.9,1015.9
21-Dec-21,23.9,19.8,29.0,0.0,30.0,3.9,1015.9
22-Dec-21,23.4,19.5,29.8,0.0,39.0,4.3,1014.6
23-Dec-21,24.0,19.6,29.4,0.0,56.0,7.0,1014.0
24-Dec-21,24.1,19.0,30.0,0.0,45.0,7.3,1014.3
25-Dec-21,24.1,19.0,30.0,0.0,42.0,5.9,1014.6
26-Dec-21,24.4,18.4,30.6,0.0,48.0,7.3,1015.7
27-Dec-21,23.7,19.1,30.6,0.0,58.0,9.2,1016.3
28-Dec-21,23.9,19.0,29.6,0.4,41.0,8.5,1015.3
29-Dec-21,24.3,20.0,30.0,0.4,52.0,9.2,1014.3
30-Dec-21,24.9,18.6,30.0,3.2,66.0,9.3,1015.3
31-Dec-21,24.2,21.6,30.1,2.8,53.0,11.3,1016.2
01-Jan-22,23.9,21.0,28.8,0.8,38.0,10.7,1016.9
02-Jan-22,24.3,20.4,28.2,19.1,35.0,10.2,1015.8
03-Jan-22,25.0,20.4,29.6,0.0,73.0,8.6,1015.2
04-Jan-22,23.9,20.0,30.1,0.0,74.0,10.1,1015.2
05-Jan-22,24.3,18.4,29.2,0.0,46.0,5.3,1015.4
06-Jan-22,24.2,20.0,29.8,0.0,77.0,8.1,1014.5
07-Jan-22,25.2,22.0,30.0,0.0,55.0,8.4,1014.4
08-Jan-22,24.7,21.8,30.8,0.3,52.0,7.7,1015.2
09-Jan-22,25.3,21.8,30.0,0.1,79.0,8.6,1013.8
10-Jan-22,25.3,21.0,30.4,0.0,53.0,7.6,1013.8
11-Jan-22,25.8,22.0,31.0,0.0,46.0,4.2,1013.6
12-Jan-22,26.5,23.0,33.0,0.0,71.0,5.4,1012.9
13-Jan-22,26.2,20.6,33.0,0.0,219.0,6.6,1012.3
14-Jan-22,26.2,20.2,33.2,0.0,304.0,5.8,1012.3
15-Jan-22,26.5,20.8,33.1,0.2,52.0,7.0,1012.6
16-Jan-22,26.1,21.8,32.3,1.0,68.0,9.2,1014.4
17-Jan-22,25.8,22.0,31.0,0.0,66.0,11.8,1015.8
18-Jan-22,25.2,19.6,31.0,0.4,48.0,9.3,1015.4
19-Jan-22,25.0,21.0,31.0,0.0,50.0,8.2,1014.1
20-Jan-22,25.7,20.6,32.0,0.0,61.0,5.8,1012.5
21-Jan-22,26.1,19.5,32.6,0.0,32.0,8.2,1012.6
22-Jan-22,26.4,21.2,33.2,0.0,206.0,9.0,1010.9
23-Jan-22,25.6,20.8,33.5,0.0,210.0,12.0,1010.8
24-Jan-22,25.2,19.0,32.6,0.0,218.0,8.4,1010.3
25-Jan-22,25.2,18.4,32.6,0.0,208.0,8.9,1010.4
26-Jan-22,25.2,20.0,31.0,0.0,97.0,6.7,1011.2
27-Jan-22,25.8,20.4,31.8,0.0,76.0,9.2,1011.2
28-Jan-22,25.2,21.8,30.6,1.7,60.0,14.5,1012.9
29-Jan-22,25.8,22.0,30.0,0.2,55.0,11.0,1014.0
30-Jan-22,26.5,23.0,31.0,4.7,68.0,9.2,1013.4
31-Jan-22,26.8,23.0,32.0,0.1,48.0,7.0,1012.3
01-Feb-22,26.5,21.7,33.1,0.1,74.0,9.4,1011.9
02-Feb-22,26.8,20.4,32.0,0.0,65.0,8.0,1012.5
03-Feb-22,26.6,21.0,33.0,0.0,84.0,7.5,1012.5
04-Feb-22,26.0,19.4,33.5,0.0,228.0,9.1,1010.8
05-Feb-22,26.8,20.0,33.5,0.0,40.0,5.9,1011.2
06-Feb-22,26.6,22.0,33.7,0.3,60.0,7.7,1013.8
07-Feb-22,27.0,22.0,32.8,0.1,81.0,9.2,1014.3
08-Feb-22,26.1,22.0,33.0,0.0,65.0,6.3,1013.4
09-Feb-22,26.2,20.0,32.0,0.0,65.0,9.6,1013.1
10-Feb-22,25.3,19.6,32.0,0.0,66.0,9.0,1012.8
11-Feb-22,26.3,20.0,31.4,0.0,61.0,11.7,1012.3
12-Feb-22,25.6,23.0,32.0,0.0,69.0,7.6,1012.3
13-Feb-22,26.0,22.0,31.0,0.0,66.0,8.1,1011.3
14-Feb-22,25.9,20.4,31.6,0.0,48.0,9.4,1011.3
15-Feb-22,26.2,22.0,32.0,0.0,76.0,10.3,1011.5
16-Feb-22,26.7,20.4,35.7,0.0,65.0,8.4,1009.6
17-Feb-22,27.0,20.2,32.6,0.2,64.0,9.8,1008.6
18-Feb-22,26.3,20.0,32.9,0.0,72.0,10.1,1010.4
19-Feb-22,26.6,21.6,32.4,0.0,81.0,10.2,1012.3
20-Feb-22,27.7,22.0,34.2,0.0,88.0,7.7,1011.7
21-Feb-22,28.3,23.0,34.8,0.0,278.0,6.4,1010.4
22-Feb-22,28.1,22.7,35.0,0.0,108.0,8.1,1011.7
23-Feb-22,27.6,21.7,34.7,0.0,69.0,12.9,1014.4
24-Feb-22,26.9,20.0,33.7,0.0,72.0,9.9,1015.9
25-Feb-22,26.9,22.0,33.0,0.0,62.0,10.6,1014.6
26-Feb-22,25.8,20.2,33.4,0.0,64.0,9.8,1014.6
27-Feb-22,27.4,23.0,32.2,0.3,78.0,10.7,1014.5
28-Feb-22,27.1,21.4,33.2,0.0,69.0,9.9,1014.0
01-Mar-22,28.0,22.0,34.0,0.0,59.0,10.9,1013.8
02-Mar-22,26.9,18.2,34.2,0.0,54.0,9.4,1013.5
03-Mar-22,26.6,19.0,34.0,0.0,48.0,10.7,1013.0
04-Mar-22,27.6,20.0,35.0,0.0,48.0,9.7,1012.5
05-Mar-22,28.3,21.0,35.2,0.0,58.0,8.2,1011.9
06-Mar-22,27.9,22.0,34.3,0.0,65.0,10.7,1011.7
07-Mar-22,25.3,20.8,33.7,0.5,49.0,11.5,1012.7
08-Mar-22,28.2,22.6,32.6,0.0,69.0,10.5,1012.2
09-Mar-22,29.0,23.0,35.0,0.0,65.0,9.1,1011.5
10-Mar-22,28.1,20.4,35.6,0.0,74.0,7.6,1011.3
11-Mar-22,28.5,21.3,35.9,0.0,62.0,7.2,1010.7
12-Mar-22,28.9,17.8,36.1,0.0,61.0,8.3,1010.3
13-Mar-22,28.9,20.6,36.1,0.0,50.0,11.3,1010.8
14-Mar-22,29.4,21.8,36.0,0.0,53.0,9.8,1011.1
15-Mar-22,29.0,22.0,36.0,0.0,47.0,7.5,1010.2
16-Mar-22,29.3,24.8,36.0,0.0,198.0,9.5,1009.0
17-Mar-22,29.7,25.0,38.0,0.0,189.0,11.3,1008.3
18-Mar-22,29.1,24.2,38.2,0.0,209.0,10.3,1008.2
19-Mar-22,29.2,24.9,36.5,0.1,209.0,12.1,1008.2
20-Mar-22,28.4,24.0,35.9,0.1,201.0,14.5,1008.8
21-Mar-22,28.8,23.0,36.0,0.0,198.0,14.0,1008.4
22-Mar-22,28.6,23.8,36.2,5.1,206.0,7.4,1009.0
23-Mar-22,27.5,23.8,35.0,0.5,208.0,9.5,1008.4
24-Mar-22,28.2,23.0,36.2,0.0,197.0,8.5,1008.7
25-Mar-22,27.5,24.0,35.2,0.2,204.0,8.1,1009.9
26-Mar-22,28.3,23.6,35.6,0.0,218.0,6.3,1011.6
27-Mar-22,29.4,24.8,35.2,0.1,95.0,6.5,1011.8
28-Mar-22,29.5,25.0,36.0,0.0,156.0,6.9,1011.3
29-Mar-22,29.7,24.2,36.0,0.3,213.0,9.8,1010.3
30-Mar-22,29.9,25.1,36.0,0.0,207.0,11.2,1009.9
31-Mar-22,29.6,24.8,36.4,0.0,211.0,10.4,1010.0
01-Apr-22,29.6,25.2,36.2,0.0,205.0,10.9,1010.3
02-Apr-22,29.1,24.6,36.0,0.0,196.0,11.5,1011.3
03-Apr-22,29.2,24.6,36.0,0.0,181.0,7.1,1010.6
04-Apr-22,30.0,24.0,36.3,0.0,111.0,8.3,1011.1
05-Apr-22,29.8,26.0,36.7,0.0,87.0,10.2,1013.0
06-Apr-22,29.2,24.6,36.0,0.3,164.0,8.9,1013.1
07-Apr-22,29.5,23.6,36.2,0.0,100.0,8.1,1011.5
08-Apr-22,28.4,24.9,36.9,8.3,121.0,10.0,1010.9
09-Apr-22,28.2,24.0,35.2,3.3,214.0,9.1,1010.3
10-Apr-22,28.1,24.0,35.4,7.3,216.0,9.3,1009.8
11-Apr-22,27.4,24.0,34.0,0.0,197.0,8.1,1009.0
12-Apr-22,25.9,23.4,34.0,0.5,351.0,5.0,1008.6
13-Apr-22,26.1,23.2,32.2,16.0,23.0,6.3,1008.2
14-Apr-22,26.9,24.0,32.8,22.1,345.0,6.2,1008.9
15-Apr-22,27.8,22.4,35.8,2.0,206.0,8.5,1008.7
16-Apr-22,29.3,23.0,35.8,0.0,243.0,8.8,1007.2
17-Apr-22,27.7,24.0,35.7,1.6,212.0,12.2,1008.2
18-Apr-22,27.9,21.6,35.7,6.2,216.0,9.9,1010.3
19-Apr-22,28.2,23.4,34.4,0.0,208.0,10.1,1011.0
20-Apr-22,30.0,25.0,35.4,0.0,171.0,8.1,1009.1
21-Apr-22,30.2,26.0,36.0,0.2,79.0,7.9,1008.2
22-Apr-22,29.7,25.6,35.7,1.3,108.0,8.5,1009.3
23-Apr-22,26.5,23.0,34.8,11.8,36.0,8.3,1010.7
24-Apr-22,29.0,22.1,35.0,0.0,192.0,6.5,1009.3
25-Apr-22,29.6,24.4,35.4,0.0,163.0,6.8,1008.5
26-Apr-22,30.6,25.2,36.6,0.0,167.0,8.1,1008.6
27-Apr-22,30.7,25.4,36.6,0.0,118.0,7.7,1008.2
28-Apr-22,30.6,25.6,36.8,0.0,223.0,8.9,1009.3
29-Apr-22,30.2,26.0,36.8,0.0,206.0,13.5,1009.3
30-Apr-22,29.6,24.4,36.8,0.0,211.0,15.3,1008.1
01-May-22,28.4,24.8,35.2,1.8,217.0,14.7,1007.6
02-May-22,28.8,23.0,35.2,0.5,215.0,13.5,1007.2
03-May-22,29.0,24.2,36.2,0.0,202.0,13.1,1007.9
04-May-22,28.6,22.6,36.2,4.1,208.0,10.4,1008.9
05-May-22,28.0,21.6,35.5,2.0,208.0,9.9,1008.5
06-May-22,28.7,25.0,34.6,0.0,216.0,11.1,1007.8
07-May-22,28.1,23.0,35.4,2.2,208.0,15.4,1007.7
08-May-22,27.4,22.6,35.4,3.0,206.0,14.1,1005.6
09-May-22,27.6,22.6,33.8,0.8,211.0,17.2,1004.6
10-May-22,26.0,24.6,31.9,0.0,215.0,16.0,1005.2
11-May-22,24.3,22.4,29.1,1.0,209.0,19.9,1005.5
12-May-22,25.4,22.1,30.4,0.0,203.0,16.7,1007.0
13-May-22,26.3,22.1,31.8,0.4,203.0,15.1,1006.5
14-May-22,26.7,22.9,31.9,1.6,219.0,18.1,1006.8
15-May-22,26.2,23.8,31.9,0.3,207.0,16.0,1007.8
16-May-22,26.6,23.2,32.1,4.1,214.0,14.1,1007.0
17-May-22,26.9,23.6,32.9,0.0,226.0,8.8,1005.3
18-May-22,24.9,23.6,32.9,4.1,219.0,15.0,1005.6
19-May-22,24.2,20.6,28.9,1.0,204.0,19.2,1007.9
20-May-22,27.0,23.0,32.0,0.8,215.0,19.3,1008.8
21-May-22,26.7,23.2,32.7,0.3,220.0,19.9,1008.3
22-May-22,26.2,23.0,32.7,0.3,217.0,21.3,1007.3
23-May-22,27.6,22.4,33.4,0.0,202.0,17.2,1006.3
24-May-22,28.4,24.4,35.6,0.0,213.0,14.6,1008.2
25-May-22,29.2,24.4,35.8,0.0,206.0,13.0,1009.1
26-May-22,27.8,24.0,35.8,0.0,209.0,13.9,1009.6
27-May-22,27.4,23.6,34.7,0.0,202.0,14.7,1009.5
28-May-22,27.8,23.4,34.0,0.9,206.0,15.4,1008.8
29-May-22,27.7,24.0,34.7,0.8,218.0,14.1,1008.4
30-May-22,28.3,23.4,34.7,0.0,223.0,14.0,1007.8
31-May-22,27.8,24.0,34.2,2.1,212.0,16.7,1007.4
01-Jun-22,27.9,23.0,34.0,0.9,213.0,15.8,1007.4
02-Jun-22,28.1,23.5,34.5,0.1,217.0,15.9,1007.2
03-Jun-22,28.3,23.4,35.0,0.0,213.0,16.2,1007.0
04-Jun-22,28.6,23.4,35.4,0.8,200.0,16.3,1006.5
05-Jun-22,28.7,25.0,35.4,0.2,210.0,17.0,1006.6
06-Jun-22,28.7,24.6,35.2,0.0,227.0,12.2,1007.2
07-Jun-22,27.2,25.2,34.0,0.0,217.0,16.0,1008.2
08-Jun-22,28.1,23.0,34.0,0.0,207.0,17.6,1007.8
09-Jun-22,28.6,23.5,35.1,1.0,211.0,17.1,1007.4
10-Jun-22,28.2,24.2,35.1,0.0,215.0,19.1,1008.0
11-Jun-22,26.7,22.4,33.9,0.0,221.0,21.5,1008.4
12-Jun-22,27.4,23.8,34.3,1.5,210.0,16.6,1009.0
13-Jun-22,28.0,22.2,34.8,0.3,201.0,15.3,1009.3
14-Jun-22,27.8,22.6,34.8,2.8,206.0,13.8,1008.8
15-Jun-22,26.7,23.6,34.2,0.5,225.0,13.0,1008.4
16-Jun-22,27.3,23.4,34.3,0.0,213.0,14.4,1008.0
17-Jun-22,26.9,22.6,34.3,0.0,201.0,11.7,1007.7
18-Jun-22,27.5,23.3,34.3,0.3,213.0,13.7,1007.9
19-Jun-22,27.4,23.2,33.6,0.0,212.0,14.6,1008.4
20-Jun-22,27.4,23.2,33.8,0.6,209.0,14.6,1007.7
21-Jun-22,26.3,22.6,33.6,0.3,216.0,18.7,1007.0
22-Jun-22,26.6,22.6,31.3,0.8,217.0,18.9,1008.0
23-Jun-22,27.0,22.6,32.6,1.2,216.0,19.9,1008.8
24-Jun-22,27.5,23.2,33.2,0.1,218.0,19.1,1008.2
25-Jun-22,24.7,23.0,33.2,0.0,204.0,17.9,1006.9
26-Jun-22,27.8,22.7,34.0,0.3,227.0,25.3,1006.8
27-Jun-22,27.2,24.0,34.0,0.0,226.0,21.3,1008.4
28-Jun-22,26.3,22.5,32.7,0.0,211.0,16.1,1008.3
29-Jun-22,26.3,22.7,32.1,0.0,214.0,18.4,1007.1
30-Jun-22,24.6,22.6,32.1,0.0,215.0,17.3,1007.1
01-Jul-22,25.7,21.6,31.3,42.9,216.0,19.6,1006.9
02-Jul-22,26.7,23.0,32.7,0.0,206.0,16.0,1005.8
03-Jul-22,25.0,22.6,32.7,0.8,215.0,16.5,1006.9
04-Jul-22,25.6,21.8,32.7,1.0,221.0,18.9,1006.8
05-Jul-22,25.3,22.3,30.6,1.0,225.0,20.4,1006.0
06-Jul-22,24.5,22.4,29.2,1.0,216.0,19.1,1007.5
07-Jul-22,23.6,22.0,28.6,2.0,215.0,17.3,1010.0
08-Jul-22,25.6,21.6,31.3,4.1,215.0,19.2,1008.4
09-Jul-22,24.2,21.8,31.3,5.1,223.0,18.1,1007.4
10-Jul-22,25.5,22.2,30.0,1.0,226.0,17.0,1007.4
11-Jul-22,25.1,22.3,30.7,2.0,222.0,20.4,1009.7
12-Jul-22,26.3,23.0,30.5,0.5,226.0,21.8,1009.1
13-Jul-22,26.1,22.4,30.5,2.0,233.0,24.5,1007.0
14-Jul-22,25.8,22.4,30.4,0.5,232.0,23.4,1005.8
15-Jul-22,25.2,21.4,30.1,2.0,227.0,21.4,1006.8
16-Jul-22,25.6,22.4,29.6,0.0,221.0,20.7,1007.5
17-Jul-22,25.9,23.0,30.2,0.7,205.0,17.2,1008.0
18-Jul-22,24.7,22.6,31.2,0.0,211.0,13.2,1009.1
19-Jul-22,25.9,22.0,31.2,2.0,215.0,14.9,1008.7
20-Jul-22,26.2,23.5,31.4,0.0,206.0,14.1,1008.5
21-Jul-22,26.7,23.2,33.0,0.2,213.0,14.2,1008.1
22-Jul-22,25.6,23.7,33.0,5.1,214.0,11.7,1009.0
23-Jul-22,26.0,22.6,31.0,0.3,213.0,15.7,1008.2
24-Jul-22,26.6,22.8,32.1,0.0,212.0,15.5,1008.4
25-Jul-22,26.8,23.0,32.8,0.1,209.0,13.4,1008.9
26-Jul-22,25.8,23.6,32.8,0.6,210.0,11.8,1009.7
27-Jul-22,26.6,22.8,33.4,6.5,215.0,9.3,1009.2
28-Jul-22,27.8,22.6,34.8,1.4,175.0,9.7,1009.1
29-Jul-22,27.9,22.8,34.8,0.8,77.0,9.0,1008.7
30-Jul-22,26.3,23.6,34.1,0.0,218.0,10.8,1008.0
31-Jul-22,27.0,22.6,34.1,1.5,218.0,10.4,1006.5
01-Aug-22,26.4,23.0,33.1,4.1,213.0,13.0,1006.2
02-Aug-22,24.5,22.0,32.8,0.0,209.0,17.7,1005.4
03-Aug-22,24.7,22.2,28.8,24.9,213.0,15.4,1005.3
04-Aug-22,23.6,22.6,28.4,41.0,217.0,16.0,1006.1
05-Aug-22,24.5,22.0,28.4,2.9,230.0,20.2,1007.3
06-Aug-22,25.1,22.2,28.8,0.0,223.0,20.3,1006.6
07-Aug-22,25.1,22.2,29.3,0.0,226.0,23.4,1005.7
08-Aug-22,26.3,23.2,30.5,1.0,230.0,25.2,1005.4
09-Aug-22,26.3,22.6,30.5,0.5,235.0,25.3,1006.0
10-Aug-22,27.4,23.0,31.0,0.0,235.0,28.0,1006.2
11-Aug-22,26.9,23.4,31.4,0.0,232.0,22.0,1007.1
12-Aug-22,27.0,23.0,32.2,0.0,220.0,19.7,1008.3
13-Aug-22,26.6,22.2,32.6,0.3,208.0,15.0,1008.7
14-Aug-22,26.2,22.5,32.6,0.0,205.0,13.7,1009.6
15-Aug-22,26.9,22.6,32.6,0.0,209.0,10.6,1010.0
16-Aug-22,27.8,23.1,34.6,0.0,211.0,12.3,1009.0
17-Aug-22,27.2,23.5,34.6,0.0,201.0,13.9,1009.4
18-Aug-22,26.7,23.6,33.2,0.3,212.0,13.8,1008.9
19-Aug-22,26.6,23.6,33.3,0.0,218.0,16.7,1009.2
20-Aug-22,26.7,23.0,32.3,0.4,218.0,14.4,1009.7
21-Aug-22,27.1,23.0,32.0,0.2,214.0,16.1,1009.0
22-Aug-22,25.3,22.8,33.0,0.2,223.0,19.3,1008.9
23-Aug-22,25.6,22.0,31.8,1.2,215.0,17.6,1008.8
24-Aug-22,24.5,22.6,31.2,9.8,212.0,14.6,1010.5
25-Aug-22,25.0,22.0,32.5,8.4,203.0,11.0,1009.3
26-Aug-22,26.0,22.0,33.0,7.9,215.0,11.5,1008.1
27-Aug-22,24.8,21.0,32.4,23.1,226.0,10.6,1008.4
28-Aug-22,26.1,21.8,32.0,0.8,205.0,11.8,1007.5
29-Aug-22,26.3,23.2,32.0,4.1,215.0,7.3,1008.3
30-Aug-22,26.9,23.2,32.8,8.9,192.0,7.8,1008.3
31-Aug-22,26.1,22.9,32.2,3.0,58.0,7.8,1008.1
01-Sep-22,25.1,23.0,30.0,0.0,228.0,6.8,1008.3
02-Sep-22,26.5,22.2,32.4,14.0,181.0,7.8,1008.9
03-Sep-22,27.6,23.0,32.4,0.0,222.0,11.3,1008.5
04-Sep-22,27.8,23.2,33.4,2.6,217.0,11.5,1008.2
05-Sep-22,27.5,23.1,33.6,3.0,238.0,10.3,1007.9
06-Sep-22,25.6,24.0,33.5,0.0,211.0,15.3,1007.8
07-Sep-22,25.3,22.8,29.6,0.9,218.0,18.3,1008.6
08-Sep-22,25.3,21.8,31.0,3.0,214.0,19.2,1008.3
09-Sep-22,25.2,22.6,31.0,0.0,218.0,22.1,1008.1
10-Sep-22,24.9,22.4,30.0,0.0,215.0,21.3,1008.2
11-Sep-22,26.1,22.6,30.4,0.0,222.0,22.0,1008.0
12-Sep-22,26.1,23.0,30.4,0.0,220.0,21.8,1007.8
13-Sep-22,26.3,22.4,31.6,0.1,217.0,19.7,1009.8
14-Sep-22,26.4,22.6,31.6,0.2,211.0,16.2,1011.7
15-Sep-22,26.4,22.6,32.4,0.0,211.0,16.4,1012.3
16-Sep-22,26.6,22.5,32.4,0.3,210.0,14.4,1010.4
17-Sep-22,26.8,22.9,32.3,0.3,212.0,14.8,1010.2
18-Sep-22,26.6,23.0,33.4,0.4,206.0,14.1,1010.6
19-Sep-22,27.0,22.7,33.2,3.0,214.0,14.8,1010.3
20-Sep-22,26.0,22.8,33.2,0.0,208.0,13.2,1010.3
21-Sep-22,26.9,22.7,32.6,0.1,214.0,16.2,1009.8
22-Sep-22,26.7,22.4,33.5,0.0,217.0,17.8,1010.3
23-Sep-22,26.7,22.0,33.0,0.0,212.0,17.7,1011.0
24-Sep-22,26.6,22.2,33.0,1.1,204.0,13.9,1010.4
25-Sep-22,27.1,22.1,33.0,0.1,212.0,11.8,1008.9
26-Sep-22,26.4,23.4,33.4,0.0,216.0,12.0,1010.0
27-Sep-22,26.4,23.0,31.4,0.0,207.0,14.6,1009.1
28-Sep-22,26.6,23.0,32.6,0.0,209.0,16.0,1008.2
29-Sep-22,26.7,21.6,33.0,0.0,210.0,15.4,1008.3
30-Sep-22,26.7,22.4,32.0,0.0,220.0,16.5,1009.1
01-Oct-22,26.2,23.0,31.8,0.4,213.0,15.3,1009.7
02-Oct-22,25.7,22.4,31.8,0.6,213.0,13.7,1009.3
03-Oct-22,26.1,22.2,32.5,0.0,214.0,13.9,1008.9
04-Oct-22,26.0,22.7,32.2,2.0,201.0,14.9,1008.4
05-Oct-22,26.1,23.2,31.2,3.0,209.0,13.6,1008.4
06-Oct-22,25.7,24.0,30.0,0.0,212.0,17.2,1008.2
07-Oct-22,26.2,22.8,32.0,0.0,213.0,15.3,1009.1
08-Oct-22,26.2,21.9,32.8,0.0,209.0,10.9,1009.5
09-Oct-22,25.4,23.0,32.6,3.5,205.0,10.4,1010.1
10-Oct-22,25.3,21.8,30.0,24.9,197.0,7.5,1010.9
11-Oct-22,25.3,22.0,31.0,0.5,40.0,7.0,1010.8
12-Oct-22,26.6,21.2,32.0,0.0,208.0,9.1,1010.7
13-Oct-22,26.9,22.4,32.7,30.7,195.0,7.9,1010.3
14-Oct-22,26.4,22.8,32.0,1.0,215.0,11.8,1009.9
15-Oct-22,27.3,22.4,33.0,0.5,56.0,7.6,1008.7
16-Oct-22,26.4,22.6,33.6,3.0,302.0,8.1,1010.5
17-Oct-22,26.4,23.8,30.2,0.0,42.0,6.4,1012.6
18-Oct-22,26.3,22.4,32.0,0.3,234.0,11.1,1012.4
19-Oct-22,26.8,22.2,33.0,0.0,221.0,10.0,1011.6
20-Oct-22,26.6,23.0,33.0,0.0,215.0,8.3,1011.7
21-Oct-22,25.5,21.4,31.8,25.9,29.0,6.6,1013.6
22-Oct-22,27.0,21.6,31.4,4.1,55.0,5.9,1013.3
23-Oct-22,27.0,23.4,32.0,0.0,216.0,8.4,1012.5
24-Oct-22,26.6,23.2,32.8,0.1,203.0,8.9,1011.2
25-Oct-22,26.1,23.0,31.0,0.0,209.0,6.6,1011.8
26-Oct-22,25.9,21.0,32.0,0.0,31.0,6.1,1012.8
27-Oct-22,26.0,22.0,32.1,0.0,35.0,4.6,1012.8
28-Oct-22,26.6,20.1,31.6,0.9,52.0,6.7,1011.5
29-Oct-22,25.5,22.4,31.8,13.9,55.0,10.1,1011.8
30-Oct-22,25.6,22.4,29.0,19.6,18.0,5.6,1012.2
31-Oct-22,26.6,23.6,31.2,0.0,49.0,6.4,1011.2
01-Nov-22,26.3,24.0,31.6,0.8,204.0,4.5,1012.2
02-Nov-22,25.0,22.0,31.6,0.0,26.0,7.0,1011.7
03-Nov-22,25.5,21.6,31.2,10.9,45.0,7.7,1011.6
04-Nov-22,24.8,22.2,29.2,2.0,28.0,7.8,1013.0
05-Nov-22,25.4,21.6,30.0,0.0,16.0,6.8,1014.5
06-Nov-22,24.6,22.2,30.4,0.0,31.0,5.9,1014.8
07-Nov-22,26.2,21.4,31.0,2.0,54.0,6.5,1014.0
08-Nov-22,26.6,22.1,31.6,0.0,59.0,8.3,1013.3
09-Nov-22,26.5,22.6,31.0,0.4,56.0,8.5,1013.0
10-Nov-22,26.4,22.6,31.2,0.0,51.0,8.5,1012.4
11-Nov-22,21.9,21.0,31.1,2.0,55.0,5.6,1012.8
12-Nov-22,22.3,20.6,24.8,51.1,5.0,2.8,1011.9
13-Nov-22,24.6,21.6,27.0,20.1,35.0,7.6,1012.6
14-Nov-22,25.3,21.8,29.0,0.0,35.0,7.5,1013.6
15-Nov-22,25.6,21.2,30.0,0.3,41.0,5.3,1014.0
16-Nov-22,25.9,22.6,30.4,0.0,50.0,5.0,1012.6
17-Nov-22,25.6,22.4,30.8,0.1,59.0,5.5,1012.0
18-Nov-22,24.0,20.6,30.8,0.0,54.0,6.7,1012.3
19-Nov-22,24.0,18.6,30.5,0.0,40.0,6.2,1012.4
20-Nov-22,24.8,18.0,30.2,0.0,15.0,3.5,1011.0
21-Nov-22,25.0,19.8,31.2,0.0,210.0,5.6,1010.7
22-Nov-22,25.2,20.2,31.3,0.0,211.0,6.4,1010.7
23-Nov-22,25.6,20.9,31.0,0.0,213.0,10.6,1011.2
24-Nov-22,27.0,21.9,31.3,0.0,166.0,7.1,1011.5
25-Nov-22,25.9,21.8,31.6,0.8,39.0,7.3,1012.9
26-Nov-22,26.2,23.0,31.0,2.1,74.0,7.1,1011.9
27-Nov-22,25.5,22.6,31.3,6.9,12.0,7.3,1010.6
28-Nov-22,25.9,22.2,30.5,2.5,32.0,7.8,1010.9
29-Nov-22,25.1,23.0,30.5,16.6,67.0,6.0,1011.9
30-Nov-22,23.9,22.0,28.2,0.0,72.0,6.9,1012.6
01-Dec-22,25.3,19.0,29.0,0.1,40.0,6.5,1012.3
02-Dec-22,26.7,23.2,30.4,0.3,45.0,6.7,1011.4
03-Dec-22,26.8,23.0,31.2,0.0,71.0,9.9,1011.7
04-Dec-22,24.6,22.6,31.2,0.0,63.0,7.9,1013.0
05-Dec-22,24.6,21.1,30.0,9.9,38.0,5.8,1013.5
06-Dec-22,25.0,22.0,29.6,0.0,51.0,5.5,1012.4
07-Dec-22,24.4,20.4,29.0,0.0,50.0,5.1,1011.7
08-Dec-22,24.7,19.0,30.0,0.0,253.0,4.7,1010.4
09-Dec-22,21.5,20.6,30.0,10.8,196.0,7.3,1008.9
10-Dec-22,23.0,20.0,28.0,10.3,213.0,8.3,1007.6
11-Dec-22,24.0,21.2,28.0,0.0,211.0,11.4,1009.0
12-Dec-22,24.0,21.6,28.6,0.3,206.0,9.9,1010.0
13-Dec-22,24.7,20.5,29.0,4.1,62.0,6.4,1011.8
14-Dec-22,24.0,21.8,30.0,7.1,45.0,7.3,1013.1
15-Dec-22,25.0,22.0,30.0,0.0,55.0,9.7,1012.3
16-Dec-22,25.2,18.0,31.0,0.0,68.0,8.1,1011.8
17-Dec-22,25.0,20.0,31.0,0.0,50.0,9.4,1012.4
18-Dec-22,25.3,21.0,31.4,1.1,57.0,10.3,1011.6
19-Dec-22,25.0,20.2,29.5,0.7,62.0,10.6,1010.9
20-Dec-22,25.3,20.6,30.0,0.4,58.0,9.8,1010.3
21-Dec-22,25.1,21.0,30.0,0.0,47.0,8.6,1010.9
22-Dec-22,24.5,18.0,30.6,0.0,30.0,7.4,1011.1
23-Dec-22,24.9,18.0,32.0,0.0,42.0,6.4,1010.6
24-Dec-22,25.9,19.4,32.7,0.0,49.0,6.8,1011.2
25-Dec-22,25.4,20.6,32.5,5.0,29.0,9.1,1011.7
26-Dec-22,24.2,22.5,30.7,3.6,24.0,8.9,1013.4
27-Dec-22,24.8,22.0,28.0,1.9,34.0,11.5,1015.0
28-Dec-22,25.7,22.0,30.0,3.0,72.0,9.7,1016.1
29-Dec-22,25.9,20.6,31.0,0.0,55.0,9.0,1017.2
30-Dec-22,25.0,21.6,31.4,0.0,68.0,8.2,1018.2
31-Dec-22,24.3,19.2,30.2,0.0,39.0,5.7,1017.5
01-Jan-23,25.0,20.0,31.0,0.0,35.0,7.0,1016.6
02-Jan-23,24.7,20.0,31.7,0.0,59.0,8.6,1016.6
03-Jan-23,24.7,19.5,30.0,0.0,55.0,10.0,1016.5
04-Jan-23,24.8,19.5,29.6,0.4,57.0,9.3,1015.4
05-Jan-23,24.9,20.0,30.0,0.0,59.0,10.4,1016.0
06-Jan-23,25.1,18.8,30.0,0.0,57.0,9.9,1017.1
07-Jan-23,25.5,20.6,29.6,0.0,58.0,12.0,1016.3
08-Jan-23,25.2,21.6,29.8,0.0,76.0,8.1,1015.4
09-Jan-23,24.4,21.0,30.3,0.0,71.0,9.4,1016.1
10-Jan-23,23.1,17.0,30.2,0.0,66.0,8.7,1016.2
11-Jan-23,23.4,18.0,31.0,0.0,59.0,7.8,1014.3
12-Jan-23,23.7,17.6,31.4,0.0,53.0,7.1,1013.5
13-Jan-23,23.9,18.0,31.5,0.0,32.0,7.2,1013.8
14-Jan-23,23.4,18.0,30.0,0.0,69.0,8.5,1013.8
15-Jan-23,23.4,18.0,30.4,0.0,74.0,6.7,1013.0
16-Jan-23,24.3,17.4,31.2,0.0,55.0,7.4,1013.3
17-Jan-23,23.9,19.8,32.0,0.0,48.0,7.8,1014.1
18-Jan-23,23.8,17.6,30.3,0.0,62.0,9.9,1015.4
19-Jan-23,23.7,18.6,30.2,0.0,50.0,10.0,1015.7
20-Jan-23,24.1,16.8,30.8,0.0,68.0,9.9,1015.1
21-Jan-23,23.9,18.8,29.6,0.0,43.0,7.1,1014.4
22-Jan-23,24.6,20.0,29.8,0.0,68.0,8.5,1013.4
23-Jan-23,26.4,22.0,32.0,0.3,69.0,11.2,1012.2
24-Jan-23,25.7,23.0,32.5,0.0,82.0,10.6,1012.7
25-Jan-23,24.1,21.6,29.9,0.0,77.0,8.8,1013.0
26-Jan-23,24.4,19.6,31.0,0.0,58.0,9.1,1013.0
27-Jan-23,24.4,19.0,31.0,0.0,67.0,7.5,1013.0
28-Jan-23,24.7,19.6,31.4,0.0,63.0,8.0,1012.3
29-Jan-23,25.7,17.8,31.8,0.0,69.0,9.3,1011.0
30-Jan-23,25.3,20.4,32.2,2.8,57.0,8.0,1012.4
31-Jan-23,26.3,23.0,31.4,0.5,52.0,7.0,1011.7
01-Feb-23,26.4,20.0,32.2,0.0,51.0,9.0,1011.1
02-Feb-23,25.6,21.8,32.7,0.8,66.0,10.8,1011.8
03-Feb-23,23.7,20.8,29.9,2.5,41.0,8.9,1012.5
04-Feb-23,25.9,22.0,31.0,3.0,61.0,8.9,1012.0
05-Feb-23,25.6,19.4,33.0,0.0,58.0,8.4,1011.8
06-Feb-23,25.9,18.0,33.2,0.0,52.0,6.2,1012.6
07-Feb-23,26.7,19.0,34.0,0.0,65.0,6.0,1012.1
08-Feb-23,26.8,20.6,34.4,0.0,59.0,7.8,1012.3
09-Feb-23,26.3,20.6,33.4,0.0,58.0,6.6,1012.9
10-Feb-23,26.1,19.4,33.1,0.0,48.0,9.6,1013.9
11-Feb-23,25.7,18.4,33.8,0.0,55.0,9.3,1014.1
12-Feb-23,26.3,19.0,34.3,0.0,53.0,8.5,1014.3
13-Feb-23,26.3,17.4,34.3,0.0,68.0,10.3,1014.1
14-Feb-23,25.9,18.2,34.2,0.0,60.0,6.9,1014.0
15-Feb-23,26.7,19.0,33.2,0.0,62.0,9.3,1012.5
16-Feb-23,26.1,19.1,33.8,0.0,72.0,10.2,1012.9
17-Feb-23,25.3,18.6,33.0,0.0,49.0,8.9,1013.6
18-Feb-23,26.0,19.2,32.5,0.0,53.0,7.9,1013.6
19-Feb-23,26.8,21.0,33.4,0.0,75.0,10.0,1013.8
20-Feb-23,27.2,21.8,33.0,0.0,74.0,7.3,1013.8
21-Feb-23,27.6,21.0,34.0,0.0,71.0,8.1,1013.8
22-Feb-23,27.3,19.8,34.2,0.0,66.0,10.0,1013.4
23-Feb-23,26.4,18.8,34.2,0.0,52.0,9.3,1013.4
24-Feb-23,26.6,20.4,33.4,0.0,46.0,7.7,1014.1
25-Feb-23,27.8,21.0,34.0,0.0,59.0,10.4,1015.4
26-Feb-23,26.5,18.6,35.0,0.0,65.0,12.3,1016.4
27-Feb-23,25.6,18.4,34.0,0.0,68.0,9.0,1017.0
28-Feb-23,26.5,20.0,32.6,6.9,64.0,11.1,1016.3
01-Mar-23,27.6,22.7,33.2,0.3,62.0,12.6,1016.2
02-Mar-23,26.9,21.6,32.4,0.0,70.0,12.8,1016.9
03-Mar-23,27.7,18.0,33.6,0.0,65.0,11.7,1017.6
04-Mar-23,27.2,18.6,33.6,0.0,61.0,12.1,1017.1
05-Mar-23,27.8,20.8,34.2,0.0,56.0,11.4,1016.4
06-Mar-23,27.4,19.4,34.7,0.0,62.0,10.5,1015.4
07-Mar-23,27.0,20.4,34.2,0.0,56.0,9.8,1014.4
08-Mar-23,27.4,21.5,33.8,0.0,70.0,13.5,1014.4
09-Mar-23,28.0,20.6,33.7,0.0,67.0,11.3,1013.9
10-Mar-23,27.4,21.0,33.2,0.0,79.0,9.8,1013.3
11-Mar-23,27.8,21.4,34.0,0.0,67.0,10.7,1013.2
12-Mar-23,28.1,22.2,33.7,0.0,72.0,13.2,1013.0
13-Mar-23,28.6,21.6,34.4,0.0,63.0,10.4,1012.1
14-Mar-23,29.2,22.8,35.0,0.0,57.0,7.1,1010.6
15-Mar-23,28.7,22.6,35.8,0.0,79.0,8.7,1009.8
16-Mar-23,28.3,23.0,36.0,0.1,109.0,7.4,1010.4
17-Mar-23,29.1,24.0,35.2,0.0,34.0,7.3,1011.0
18-Mar-23,28.4,23.6,35.0,10.2,15.0,9.9,1010.7
19-Mar-23,28.8,24.0,35.4,0.0,241.0,12.9,1009.4
20-Mar-23,28.9,24.0,35.0,0.9,215.0,12.2,1009.2
21-Mar-23,29.1,22.5,36.0,0.0,216.0,12.7,1008.8
22-Mar-23,28.9,22.0,36.8,0.0,220.0,10.0,1009.6
23-Mar-23,29.4,22.4,37.3,0.0,219.0,9.7,1009.7
24-Mar-23,28.0,23.0,36.6,0.0,234.0,6.2,1010.3
25-Mar-23,28.7,23.0,36.3,1.6,213.0,6.1,1011.3
26-Mar-23,28.7,25.0,35.0,0.9,215.0,10.0,1010.7
27-Mar-23,27.7,22.6,36.0,4.1,221.0,6.6,1010.6
28-Mar-23,30.1,23.2,36.2,0.0,116.0,7.3,1010.0
29-Mar-23,29.2,26.0,37.1,0.6,317.0,7.3,1011.3
30-Mar-23,28.6,24.0,36.0,0.0,226.0,7.4,1010.7
31-Mar-23,29.0,23.4,36.4,0.0,222.0,7.6,1009.7
01-Apr-23,29.1,23.7,36.3,0.5,213.0,10.5,1010.2
02-Apr-23,28.3,24.0,36.0,1.5,211.0,11.1,1010.0
03-Apr-23,29.2,24.0,36.0,1.0,210.0,10.9,1009.5
04-Apr-23,27.6,25.0,36.7,0.6,239.0,6.1,1011.2
05-Apr-23,29.2,23.0,35.6,0.0,26.0,7.0,1010.1
06-Apr-23,29.9,24.6,36.6,0.0,154.0,8.8,1010.6
07-Apr-23,29.8,24.2,36.0,0.0,73.0,9.0,1011.9
08-Apr-23,29.3,24.0,35.8,0.0,67.0,9.2,1013.6
09-Apr-23,29.6,24.0,35.0,0.2,52.0,7.1,1014.0
10-Apr-23,30.8,24.8,35.0,0.7,68.0,9.7,1012.9
11-Apr-23,29.8,23.9,36.0,0.0,78.0,9.5,1012.2
12-Apr-23,30.7,23.8,38.6,0.0,101.0,11.1,1011.1
13-Apr-23,31.1,22.7,39.0,0.0,147.0,11.2,1010.6
14-Apr-23,30.9,24.5,38.4,0.0,163.0,10.2,1011.5
15-Apr-23,30.4,24.5,38.7,0.0,153.0,9.4,1010.8
16-Apr-23,30.1,24.4,37.2,0.0,162.0,8.4,1009.9
17-Apr-23,30.8,25.0,38.2,0.0,175.0,10.7,1009.5
18-Apr-23,31.6,25.0,38.5,0.0,151.0,9.5,1010.6
19-Apr-23,31.3,25.4,38.2,0.0,201.0,9.8,1008.9
20-Apr-23,30.6,25.2,38.7,0.0,212.0,12.8,1007.0
21-Apr-23,30.4,25.0,37.5,0.2,218.0,13.0,1007.3
22-Apr-23,29.3,25.5,37.1,0.2,207.0,10.8,1007.4
23-Apr-23,28.9,25.5,37.3,3.8,213.0,9.2,1008.0
24-Apr-23,29.2,25.0,36.2,2.3,60.0,9.2,1008.8
25-Apr-23,27.9,23.5,36.9,8.4,35.0,10.3,1009.7
26-Apr-23,29.6,23.2,36.0,6.7,59.0,9.5,1009.6
27-Apr-23,30.4,24.4,36.0,0.5,67.0,9.5,1009.7
28-Apr-23,30.3,25.6,36.0,0.0,79.0,11.1,1010.2
29-Apr-23,28.9,23.4,36.4,4.4,36.0,10.8,1009.5
30-Apr-23,26.4,22.9,34.4,4.4,15.0,6.7,1008.3
01-May-23,26.6,24.0,35.0,5.2,291.0,6.2,1008.4
02-May-23,27.0,24.0,33.0,6.0,24.0,6.3,1009.3
03-May-23,26.6,23.3,34.5,8.9,208.0,9.9,1010.4
04-May-23,28.3,24.4,33.0,14.0,226.0,7.4,1009.6
05-May-23,28.2,24.0,33.9,0.0,236.0,11.5,1009.0
06-May-23,27.6,24.0,33.0,0.0,213.0,11.1,1008.8
07-May-23,26.9,23.2,33.7,8.9,209.0,8.5,1009.1
08-May-23,28.4,24.4,34.0,0.0,218.0,8.3,1008.1
09-May-23,28.9,24.4,34.4,0.5,224.0,8.5,1008.2
10-May-23,29.1,25.6,35.4,0.0,201.0,9.6,1008.0
11-May-23,28.7,23.8,35.8,2.0,219.0,12.9,1009.0
12-May-23,29.2,25.4,35.3,5.1,215.0,13.9,1009.5
13-May-23,29.4,25.4,34.8,0.0,212.0,16.6,1010.1
14-May-23,29.2,25.6,36.0,0.0,220.0,17.0,1008.8
15-May-23,30.0,25.4,35.8,0.0,217.0,19.8,1009.2
16-May-23,30.2,25.8,37.0,0.0,211.0,14.8,1010.2
17-May-23,29.4,26.0,37.0,0.8,209.0,11.8,1010.6
18-May-23,30.3,25.2,37.2,0.6,205.0,10.9,1011.6
19-May-23,28.4,25.6,36.5,0.0,209.0,12.7,1010.8
20-May-23,29.3,24.4,35.6,0.7,212.0,12.9,1010.1
21-May-23,29.7,26.0,35.8,8.0,196.0,11.8,1010.6
22-May-23,28.9,24.0,36.2,0.0,214.0,9.1,1011.6
23-May-23,29.6,24.2,36.2,0.0,215.0,10.6,1011.8
24-May-23,29.3,26.0,36.0,0.4,212.0,14.1,1011.5
25-May-23,29.0,24.7,36.6,0.1,219.0,14.3,1012.2
26-May-23,28.7,25.0,35.8,0.0,215.0,15.6,1012.7
27-May-23,29.5,24.6,35.2,0.7,212.0,12.6,1010.5
28-May-23,29.8,25.2,36.2,3.6,201.0,11.5,1009.4
29-May-23,29.5,26.0,35.6,0.7,204.0,10.9,1009.3
30-May-23,29.6,24.8,36.4,1.7,206.0,8.6,1010.0
31-May-23,29.2,25.4,36.5,6.5,216.0,10.7,1009.7
01-Jun-23,29.3,24.9,35.4,0.0,210.0,15.6,1009.2
02-Jun-23,28.1,24.8,35.4,0.6,207.0,13.2,1009.6
03-Jun-23,29.7,25.8,36.0,0.7,215.0,12.5,1009.2
04-Jun-23,29.6,25.4,36.2,3.1,214.0,13.1,1009.2
05-Jun-23,29.7,26.0,36.0,0.0,207.0,17.7,1008.7
06-Jun-23,29.4,24.4,35.6,0.8,203.0,15.7,1008.1
07-Jun-23,28.3,25.2,36.0,0.0,212.0,19.1,1008.6
08-Jun-23,27.6,22.7,35.6,0.0,218.0,15.8,1009.2
09-Jun-23,27.3,23.4,35.6,0.1,213.0,20.2,1008.3
10-Jun-23,27.3,23.8,33.4,0.0,213.0,19.1,1007.8
11-Jun-23,28.0,24.1,34.0,0.2,210.0,16.2,1007.5
12-Jun-23,27.4,24.0,34.0,0.6,214.0,16.8,1007.7
13-Jun-23,27.6,23.0,34.4,0.5,206.0,15.5,1008.2
14-Jun-23,27.7,23.6,34.0,0.0,208.0,16.8,1009.6
15-Jun-23,28.6,24.0,35.2,0.0,210.0,14.7,1009.3
16-Jun-23,28.4,24.8,36.0,0.0,213.0,16.5,1008.8
17-Jun-23,27.7,23.4,35.0,0.2,207.0,15.4,1009.0
18-Jun-23,27.4,23.4,34.1,0.8,206.0,14.0,1008.9
19-Jun-23,27.9,24.0,33.9,0.0,203.0,13.1,1007.7
20-Jun-23,27.2,24.8,33.8,2.9,206.0,13.4,1007.2
21-Jun-23,27.5,24.6,33.4,0.9,205.0,13.6,1007.6
22-Jun-23,27.8,23.8,33.8,0.6,204.0,13.8,1008.0
23-Jun-23,27.6,24.0,33.5,0.4,206.0,16.4,1008.4
24-Jun-23,27.4,23.4,32.8,0.0,210.0,18.0,1008.0
25-Jun-23,26.9,24.0,33.4,1.9,203.0,15.8,1008.0
26-Jun-23,26.6,22.6,33.4,0.0,204.0,20.4,1009.0
27-Jun-23,25.5,22.8,32.4,0.3,213.0,19.5,1009.8
28-Jun-23,26.7,21.7,33.0,0.0,205.0,19.7,1010.1
29-Jun-23,26.3,23.2,34.0,0.0,218.0,18.2,1011.3
30-Jun-23,28.2,24.0,34.0,0.0,213.0,18.2,1010.2
01-Jul-23,27.9,23.6,34.6,4.0,209.0,15.0,1010.1
02-Jul-23,27.4,23.8,35.0,1.7,206.0,14.4,1009.4
03-Jul-23,25.7,23.0,34.0,0.0,215.0,19.0,1008.6
04-Jul-23,24.4,22.8,31.2,12.4,225.0,21.8,1007.3
05-Jul-23,24.5,21.8,30.0,2.0,229.0,20.8,1006.1
06-Jul-23,24.9,21.8,30.3,4.1,218.0,19.8,1008.4
07-Jul-23,25.7,22.4,30.0,3.0,218.0,18.3,1010.1
08-Jul-23,25.2,23.0,29.6,0.5,214.0,18.0,1011.3
09-Jul-23,26.8,22.6,32.0,0.0,206.0,16.9,1010.1
10-Jul-23,27.0,22.9,32.8,0.3,217.0,16.3,1009.5
11-Jul-23,26.5,24.0,32.6,0.3,208.0,16.7,1009.2
12-Jul-23,27.5,23.2,33.4,0.0,209.0,15.9,1008.9
13-Jul-23,26.1,23.2,33.9,0.0,223.0,18.5,1009.4
14-Jul-23,26.9,22.0,32.6,0.0,222.0,17.2,1010.5
15-Jul-23,27.2,22.8,33.2,0.0,201.0,15.8,1010.2
16-Jul-23,27.3,23.5,33.6,0.5,206.0,15.4,1009.6
17-Jul-23,27.7,23.8,33.4,0.0,217.0,17.8,1009.0
18-Jul-23,28.3,24.0,34.0,0.0,233.0,23.8,1008.4
19-Jul-23,27.4,24.4,33.4,0.0,235.0,24.1,1007.3
20-Jul-23,28.4,24.4,33.0,0.3,233.0,23.2,1007.0
21-Jul-23,28.7,25.6,33.4,0.0,254.0,26.0,1007.7
22-Jul-23,27.3,25.0,33.2,0.3,240.0,23.4,1009.6
23-Jul-23,26.7,23.0,32.0,0.0,220.0,21.2,1009.5
24-Jul-23,24.8,22.8,32.5,6.1,217.0,17.9,1009.3
25-Jul-23,24.9,22.0,29.0,3.0,224.0,16.0,1009.5
26-Jul-23,24.3,22.0,29.7,0.0,214.0,15.7,1010.6
27-Jul-23,25.2,21.2,30.0,1.0,202.0,16.6,1010.8
28-Jul-23,26.2,21.6,32.0,0.0,211.0,17.1,1010.4
29-Jul-23,26.9,23.0,33.0,0.8,213.0,16.9,1010.1
30-Jul-23,27.1,22.5,33.2,0.2,209.0,16.1,1009.8
31-Jul-23,27.4,23.0,33.2,0.0,200.0,16.0,1009.2
01-Aug-23,27.8,24.0,33.6,0.0,207.0,19.0,1009.5
02-Aug-23,27.3,23.4,34.0,0.0,217.0,17.4,1010.4
03-Aug-23,27.7,24.0,34.0,0.0,209.0,20.1,1009.8
04-Aug-23,27.8,23.6,34.4,0.5,205.0,17.1,1011.3
05-Aug-23,27.9,23.2,34.5,0.0,197.0,16.6,1012.5
06-Aug-23,27.9,24.0,34.2,0.7,213.0,16.0,1011.6
07-Aug-23,27.3,23.6,34.2,0.0,210.0,17.4,1009.8
08-Aug-23,27.5,23.4,33.8,0.3,199.0,17.0,1010.0
09-Aug-23,27.7,23.3,33.0,1.4,200.0,14.9,1011.2
10-Aug-23,27.4,24.0,34.1,0.4,204.0,12.7,1011.7
11-Aug-23,27.8,24.2,34.4,2.3,208.0,11.9,1010.9
12-Aug-23,27.7,24.8,34.5,0.5,209.0,15.5,1010.7
13-Aug-23,27.7,23.7,33.0,0.0,206.0,17.7,1010.3
14-Aug-23,27.5,23.1,33.3,0.3,204.0,16.4,1010.5
15-Aug-23,27.6,22.6,33.7,0.0,211.0,16.1,1010.7
16-Aug-23,27.7,22.4,33.8,0.0,210.0,15.9,1010.9
17-Aug-23,28.1,23.3,34.0,0.0,216.0,18.3,1010.7
18-Aug-23,27.4,23.7,34.2,0.0,216.0,16.5,1009.9
19-Aug-23,26.2,23.0,33.0,0.0,217.0,20.8,1009.2
20-Aug-23,27.7,23.0,33.0,0.6,203.0,17.6,1008.9
21-Aug-23,28.2,24.0,34.0,0.2,205.0,15.6,1008.3
22-Aug-23,28.1,24.0,34.7,0.2,210.0,15.1,1008.4
23-Aug-23,28.5,24.6,34.6,0.0,217.0,17.0,1008.9
24-Aug-23,27.3,23.2,35.0,0.0,215.0,17.2,1008.9
25-Aug-23,27.9,22.8,34.8,0.0,206.0,15.8,1009.1
26-Aug-23,28.1,23.6,35.0,0.0,210.0,14.8,1009.7
27-Aug-23,27.7,23.4,35.0,0.0,210.0,13.1,1010.6
28-Aug-23,27.6,23.4,33.1,9.7,211.0,15.3,1010.2
29-Aug-23,27.9,24.0,34.2,3.9,210.0,14.1,1009.2
30-Aug-23,28.7,24.2,35.0,0.1,215.0,13.9,1009.4
31-Aug-23,28.1,24.4,35.2,0.0,209.0,12.7,1009.4
01-Sep-23,29.1,25.0,35.2,5.0,210.0,13.4,1009.5
02-Sep-23,27.6,24.6,36.0,5.7,210.0,15.5,1009.6
03-Sep-23,27.6,24.0,34.2,0.0,213.0,15.9,1008.3
04-Sep-23,27.1,23.4,34.4,0.5,219.0,18.6,1007.1
05-Sep-23,26.1,24.0,32.3,0.0,223.0,18.7,1007.5
06-Sep-23,26.5,23.0,33.0,9.2,217.0,19.8,1008.1
07-Sep-23,25.4,22.8,33.7,5.3,217.0,20.5,1008.8
08-Sep-23,26.1,22.4,31.1,1.3,214.0,23.1,1009.8
09-Sep-23,27.2,23.2,31.2,0.0,212.0,20.4,1009.3
10-Sep-23,26.8,23.0,33.0,0.0,218.0,19.8,1008.9
11-Sep-23,26.3,22.6,32.5,0.1,219.0,19.6,1009.3
12-Sep-23,26.7,23.0,32.2,0.1,213.0,17.0,1009.2
13-Sep-23,28.0,25.0,34.0,0.0,210.0,17.6,1009.1
14-Sep-23,26.7,23.2,34.9,0.3,217.0,20.4,1009.6
15-Sep-23,26.8,22.5,32.4,0.0,215.0,20.1,1010.0
16-Sep-23,26.6,23.0,32.3,0.3,219.0,21.0,1010.0
17-Sep-23,26.8,23.8,32.0,0.0,211.0,16.0,1009.2
18-Sep-23,27.4,22.6,32.6,1.0,213.0,16.4,1009.2
19-Sep-23,28.2,22.8,33.2,0.0,216.0,17.1,1010.5
20-Sep-23,28.0,24.0,34.0,0.0,218.0,14.6,1010.4
21-Sep-23,27.9,23.5,34.1,0.0,216.0,12.8,1010.4
22-Sep-23,27.6,24.6,34.0,0.6,208.0,13.6,1010.3
23-Sep-23,27.8,23.4,34.7,0.0,215.0,16.5,1010.3
24-Sep-23,26.3,23.2,34.1,0.8,211.0,17.8,1010.6
25-Sep-23,27.4,23.6,33.4,0.7,204.0,17.2,1009.6
26-Sep-23,27.3,24.2,33.8,0.3,213.0,16.9,1009.4
27-Sep-23,27.4,23.1,32.0,0.0,223.0,16.4,1009.2
28-Sep-23,26.2,23.0,32.1,1.2,219.0,19.7,1009.5
29-Sep-23,26.4,22.4,32.5,5.8,223.0,23.7,1009.9
30-Sep-23,26.1,24.8,31.0,2.0,224.0,21.9,1010.5
01-Oct-23,26.3,23.4,31.2,0.0,217.0,20.9,1010.1
02-Oct-23,26.6,22.8,31.2,0.0,216.0,20.1,1010.6
03-Oct-23,27.8,24.0,33.0,0.7,211.0,16.6,1010.6
04-Oct-23,28.1,22.6,33.8,0.9,216.0,16.5,1010.7
05-Oct-23,28.3,22.5,34.4,0.0,218.0,14.0,1010.4
06-Oct-23,27.8,22.0,34.2,0.0,220.0,14.4,1009.8
07-Oct-23,28.6,24.0,35.4,0.0,210.0,12.2,1009.6
08-Oct-23,28.6,24.0,35.0,6.9,211.0,11.7,1011.1
09-Oct-23,28.1,24.0,35.5,0.3,197.0,10.1,1012.7
10-Oct-23,28.1,23.2,35.4,3.0,219.0,10.0,1012.2
11-Oct-23,27.3,24.2,35.0,3.0,216.0,10.3,1011.9
12-Oct-23,27.3,24.0,32.0,5.1,217.0,7.9,1012.7
13-Oct-23,27.7,23.1,33.0,0.0,143.0,6.9,1013.2
14-Oct-23,27.4,24.0,33.2,12.1,162.0,8.0,1013.3
15-Oct-23,27.7,22.0,34.4,4.1,197.0,8.0,1012.3
16-Oct-23,26.0,22.0,32.8,0.0,180.0,8.6,1012.2
17-Oct-23,27.1,21.2,32.8,69.1,272.0,5.8,1012.7
18-Oct-23,27.9,23.8,32.8,0.0,74.0,7.4,1013.4
19-Oct-23,28.4,24.0,33.0,0.0,63.0,7.2,1013.2
20-Oct-23,28.1,24.0,33.0,0.0,48.0,7.1,1013.1
21-Oct-23,28.2,25.0,33.0,11.8,44.0,6.4,1013.3
22-Oct-23,28.3,24.8,33.0,3.8,52.0,6.8,1013.6
23-Oct-23,27.3,24.0,33.0,0.2,202.0,8.1,1013.0
24-Oct-23,27.6,22.0,33.0,0.0,159.0,7.9,1012.2
25-Oct-23,26.8,24.0,31.0,0.1,202.0,6.7,1013.5
26-Oct-23,28.3,24.0,33.0,0.0,66.0,6.7,1013.4
27-Oct-23,28.3,25.0,32.0,0.0,72.0,9.1,1012.6
28-Oct-23,28.1,25.0,32.0,11.1,55.0,8.4,1012.3
29-Oct-23,27.5,25.0,32.0,27.0,48.0,9.2,1012.5
30-Oct-23,26.0,24.0,30.2,19.3,36.0,8.3,1012.8
31-Oct-23,26.8,23.0,31.2,7.2,45.0,10.5,1013.0
01-Nov-23,26.8,22.8,32.0,21.1,55.0,7.0,1012.8
02-Nov-23,26.2,21.4,32.0,61.0,55.0,6.3,1012.2
03-Nov-23,26.9,23.5,31.0,3.0,73.0,7.7,1010.7
04-Nov-23,25.7,23.6,31.8,11.9,29.0,6.4,1010.9
05-Nov-23,25.5,21.6,31.7,20.1,46.0,5.9,1012.4
06-Nov-23,26.1,24.0,31.0,0.0,31.0,6.8,1013.2
07-Nov-23,26.5,23.0,30.6,0.5,48.0,7.4,1013.4
08-Nov-23,26.8,22.0,31.2,11.9,38.0,10.7,1012.9
09-Nov-23,25.6,21.0,31.4,46.0,11.0,7.6,1013.6
10-Nov-23,25.8,23.0,29.7,0.5,36.0,6.6,1014.7
11-Nov-23,26.7,23.2,30.0,0.0,51.0,8.1,1014.5
12-Nov-23,25.8,22.0,30.0,0.0,44.0,8.2,1014.6
13-Nov-23,25.4,21.8,29.2,0.0,57.0,7.5,1013.7
14-Nov-23,25.3,23.2,28.0,0.1,57.0,7.1,1013.4
15-Nov-23,26.0,23.0,30.4,0.0,57.0,6.4,1013.2
16-Nov-23,27.7,23.4,31.2,0.0,39.0,6.8,1013.3
17-Nov-23,27.8,25.0,31.8,0.1,70.0,7.8,1013.2
18-Nov-23,28.1,25.0,33.0,0.8,57.0,6.4,1012.7
19-Nov-23,27.0,23.8,31.2,0.0,64.0,7.1,1013.3
20-Nov-23,27.3,23.0,32.0,0.0,42.0,8.9,1012.8
21-Nov-23,28.5,25.0,33.0,10.2,63.0,6.7,1011.5
22-Nov-23,26.6,23.4,33.5,8.9,39.0,6.9,1011.5
23-Nov-23,25.2,23.4,31.1,15.0,43.0,7.8,1011.2
24-Nov-23,26.1,22.8,30.0,7.9,47.0,9.1,1011.8
25-Nov-23,25.8,24.0,30.0,0.0,31.0,7.6,1013.0
26-Nov-23,24.7,23.0,30.8,2.0,36.0,10.4,1014.2
27-Nov-23,26.2,21.2,31.0,5.1,47.0,8.5,1012.5
28-Nov-23,26.8,22.2,30.8,0.0,55.0,6.6,1011.8
29-Nov-23,26.6,24.0,30.0,3.2,58.0,9.2,1011.9
30-Nov-23,25.8,23.6,31.0,0.0,48.0,7.2,1012.8
01-Dec-23,26.3,23.0,30.0,6.6,50.0,6.2,1011.7
02-Dec-23,27.0,24.0,31.0,0.0,77.0,7.4,1010.3
03-Dec-23,27.6,24.0,32.0,0.9,100.0,7.4,1009.8
04-Dec-23,27.5,24.0,31.0,0.1,216.0,4.4,1008.6
05-Dec-23,26.8,24.0,30.4,0.0,225.0,6.5,1008.9
06-Dec-23,27.7,23.0,34.0,0.0,226.0,6.7,1010.1
07-Dec-23,27.6,24.0,32.0,0.0,27.0,5.6,1011.2
08-Dec-23,25.4,23.0,32.9,2.0,18.0,7.2,1012.4
09-Dec-23,25.5,21.2,30.2,108.0,36.0,7.3,1013.4
10-Dec-23,26.6,24.0,30.0,0.0,76.0,8.4,1012.6
11-Dec-23,25.9,23.0,29.0,0.1,62.0,7.4,1013.0
12-Dec-23,25.1,23.0,28.0,0.0,67.0,6.0,1012.6
13-Dec-23,24.2,22.0,27.0,0.0,56.0,8.3,1012.7
14-Dec-23,24.8,22.0,28.2,0.0,62.0,8.3,1014.3
15-Dec-23,24.8,20.8,29.2,0.0,61.0,8.0,1014.4
16-Dec-23,25.8,21.5,29.6,0.0,54.0,8.0,1013.7
17-Dec-23,24.1,22.6,30.0,1.0,41.0,11.0,1013.2
18-Dec-23,23.3,21.6,28.0,9.9,49.0,7.2,1014.5
19-Dec-23,25.0,21.8,28.0,2.0,56.0,8.7,1014.5
20-Dec-23,25.4,22.0,28.4,0.0,50.0,9.1,1014.5
21-Dec-23,25.0,22.6,27.0,0.0,78.0,8.6,1014.5
22-Dec-23,25.2,22.0,29.4,0.0,63.0,5.8,1014.4
23-Dec-23,24.3,22.0,28.0,0.2,48.0,7.5,1015.3
24-Dec-23,24.7,19.0,31.0,0.0,59.0,9.0,1016.2
25-Dec-23,25.0,22.0,30.0,0.1,43.0,11.2,1016.3
26-Dec-23,25.6,22.0,30.0,0.2,66.0,11.0,1016.1
27-Dec-23,25.4,20.0,30.0,0.0,43.0,10.4,1015.7
28-Dec-23,25.9,23.0,29.0,0.1,44.0,10.7,1014.7
29-Dec-23,24.9,23.0,28.0,1.1,34.0,10.0,1015.0
30-Dec-23,25.3,22.0,29.0,0.0,56.0,8.3,1014.9
31-Dec-23,24.7,21.0,29.0,0.0,55.0,8.3,1014.4
01-Jan-24,24.7,22.0,29.0,0.0,49.0,6.6,1014.6
02-Jan-24,25.0,22.0,29.0,0.0,61.0,6.8,1013.9
03-Jan-24,24.9,22.0,28.0,0.0,41.0,7.0,1013.4
04-Jan-24,24.6,23.0,27.6,7.8,44.0,8.2,1013.5
05-Jan-24,24.7,21.3,29.0,9.9,37.0,5.9,1013.7
06-Jan-24,25.8,22.6,29.5,0.0,64.0,6.3,1013.3
07-Jan-24,25.5,23.0,29.0,3.2,59.0,7.6,1013.7
08-Jan-24,24.3,22.8,28.8,0.0,41.0,8.6,1014.4
09-Jan-24,22.9,22.0,27.1,0.5,30.0,8.8,1014.7
10-Jan-24,24.6,20.4,28.0,7.1,58.0,8.0,1014.6
11-Jan-24,25.3,20.3,29.0,0.0,56.0,9.8,1014.8
12-Jan-24,24.7,20.0,29.0,0.0,54.0,9.9,1015.0
13-Jan-24,24.4,19.0,29.5,0.0,48.0,7.9,1015.4
14-Jan-24,25.7,21.0,31.0,0.0,67.0,7.0,1014.5
15-Jan-24,25.5,21.0,30.4,0.0,68.0,6.2,1014.2
16-Jan-24,25.0,21.0,30.0,0.0,58.0,4.5,1013.3
17-Jan-24,25.1,21.0,31.0,0.0,52.0,7.7,1012.5
18-Jan-24,25.2,20.0,31.0,0.0,42.0,7.3,1013.1
19-Jan-24,26.6,22.0,31.0,0.7,54.0,8.2,1013.1
20-Jan-24,26.0,23.0,30.2,0.0,64.0,7.2,1014.6
21-Jan-24,26.4,21.0,32.0,0.0,53.0,6.9,1014.4
22-Jan-24,26.4,21.0,31.0,0.0,47.0,8.1,1015.4
23-Jan-24,25.7,20.6,31.0,0.0,59.0,6.8,1015.1
24-Jan-24,26.2,22.0,31.2,0.0,41.0,6.8,1014.6
25-Jan-24,25.9,22.0,31.0,0.0,53.0,8.1,1015.4
26-Jan-24,26.0,21.6,31.0,0.0,63.0,9.0,1017.0
27-Jan-24,25.3,21.0,30.0,0.0,62.0,9.8,1017.2
28-Jan-24,25.6,22.0,30.2,0.0,70.0,8.0,1016.8
29-Jan-24,25.8,22.0,31.0,0.0,69.0,8.1,1016.0
30-Jan-24,25.9,20.0,33.0,0.0,63.0,5.7,1015.3
31-Jan-24,26.8,22.0,33.0,0.0,56.0,6.0,1015.2
01-Feb-24,27.6,22.6,33.0,0.0,3.0,6.3,1015.1
02-Feb-24,27.3,22.0,33.0,0.2,54.0,4.3,1014.6
03-Feb-24,27.5,24.0,32.0,0.0,53.0,8.8,1015.2
04-Feb-24,26.9,22.0,33.0,0.0,63.0,8.5,1017.0
05-Feb-24,26.7,21.0,32.0,0.0,66.0,8.3,1016.7
06-Feb-24,26.4,20.0,32.4,0.0,61.0,10.2,1016.5
07-Feb-24,27.4,21.0,34.0,0.0,56.0,8.5,1016.0
08-Feb-24,27.8,19.2,35.0,0.0,49.0,8.6,1015.0
09-Feb-24,27.4,21.0,33.0,0.0,62.0,10.8,1015.6
10-Feb-24,26.6,22.0,31.2,0.0,70.0,10.5,1017.2
11-Feb-24,26.8,22.0,32.0,0.0,61.0,9.0,1017.5
12-Feb-24,25.9,20.6,32.0,0.0,55.0,9.4,1016.9
13-Feb-24,26.9,21.0,32.0,0.0,55.0,9.8,1015.9
14-Feb-24,27.3,23.0,32.0,0.0,71.0,9.6,1015.2
15-Feb-24,26.8,21.0,32.0,0.0,71.0,9.8,1015.1
16-Feb-24,26.7,21.0,32.0,0.0,64.0,9.4,1015.7
17-Feb-24,27.5,21.0,33.0,0.0,62.0,8.5,1014.3
18-Feb-24,27.7,22.0,33.2,0.0,74.0,7.6,1013.5
19-Feb-24,27.9,22.0,33.0,0.0,65.0,10.3,1014.1
20-Feb-24,28.3,23.0,34.0,0.0,60.0,9.5,1013.8
21-Feb-24,28.7,23.0,35.0,0.0,64.0,6.6,1012.7
22-Feb-24,28.9,24.0,35.0,0.0,210.0,10.8,1012.6
23-Feb-24,29.1,24.0,36.0,0.0,207.0,8.6,1012.6
24-Feb-24,28.6,24.0,35.0,0.0,209.0,7.8,1012.5
25-Feb-24,28.6,24.0,33.0,0.0,63.0,10.1,1012.5
26-Feb-24,27.8,23.0,33.0,0.0,65.0,12.4,1013.2
27-Feb-24,27.9,23.0,33.0,0.2,67.0,11.3,1013.8
28-Feb-24,28.5,22.0,35.0,0.0,72.0,10.1,1013.1
29-Feb-24,28.9,23.0,34.2,0.0,70.0,10.2,1013.4
01-Mar-24,29.1,23.0,34.0,0.0,70.0,11.7,1014.3
02-Mar-24,28.2,23.0,34.0,0.0,13.0,9.0,1014.5
03-Mar-24,27.8,23.0,35.0,0.0,64.0,8.7,1013.3
04-Mar-24,29.0,22.8,36.0,0.0,76.0,8.0,1012.9
05-Mar-24,28.9,23.0,36.0,0.0,89.0,8.2,1013.0
06-Mar-24,29.4,23.8,35.4,0.0,145.0,7.3,1012.9
07-Mar-24,29.7,23.0,36.0,0.0,63.0,7.7,1011.7
08-Mar-24,29.8,22.0,37.0,0.0,232.0,6.1,1011.5
09-Mar-24,29.9,24.6,36.0,0.0,156.0,8.2,1011.8
10-Mar-24,29.7,25.0,35.0,0.0,84.0,8.0,1013.1
11-Mar-24,29.9,24.0,36.0,0.0,85.0,8.7,1014.6
12-Mar-24,30.1,24.0,36.0,0.0,76.0,9.3,1014.7
13-Mar-24,29.9,23.0,38.0,0.0,236.0,8.2,1013.3
14-Mar-24,30.0,25.0,37.0,0.0,215.0,11.5,1013.4
15-Mar-24,29.7,25.0,36.0,0.0,202.0,8.6,1010.9
16-Mar-24,29.8,25.0,35.4,0.0,72.0,7.6,1012.3
17-Mar-24,29.3,23.0,36.0,0.0,73.0,8.7,1013.1
18-Mar-24,29.5,24.0,36.0,0.0,82.0,8.8,1013.0
19-Mar-24,29.6,23.0,36.0,0.0,63.0,7.4,1012.2
20-Mar-24,29.6,23.0,36.0,0.0,63.0,8.4,1012.0
21-Mar-24,29.0,24.0,33.8,0.0,81.0,10.0,1012.0
22-Mar-24,29.9,25.0,35.0,0.0,92.0,8.9,1010.7
23-Mar-24,30.3,25.0,36.0,0.0,89.0,8.9,1011.0
24-Mar-24,29.8,24.8,36.0,0.0,56.0,8.1,1012.4
25-Mar-24,29.5,23.0,36.0,0.0,75.0,9.0,1012.5
26-Mar-24,30.4,25.0,37.0,0.0,107.0,8.0,1012.9
27-Mar-24,29.4,23.1,36.0,0.0,63.0,9.9,1015.0
28-Mar-24,30.5,25.0,36.0,0.0,62.0,8.8,1014.1
29-Mar-24,30.7,26.0,36.0,0.0,125.0,7.9,1013.4
30-Mar-24,30.8,25.0,37.0,0.0,118.0,9.0,1014.1
31-Mar-24,30.7,25.0,37.0,0.0,257.0,7.4,1014.7
01-Apr-24,31.1,25.0,38.0,0.0,166.0,7.3,1012.4
02-Apr-24,31.3,26.0,38.0,0.0,211.0,9.1,1010.5
03-Apr-24,31.7,27.0,38.0,0.0,210.0,9.0,1010.4
04-Apr-24,31.7,26.6,39.0,0.0,162.0,9.2,1010.7
05-Apr-24,31.7,26.0,39.0,0.0,186.0,10.6,1010.2
06-Apr-24,32.0,25.8,39.0,0.0,143.0,8.9,1009.4
07-Apr-24,32.0,26.0,39.0,0.0,190.0,9.8,1009.1
08-Apr-24,31.9,26.0,39.0,0.0,179.0,9.5,1009.7
09-Apr-24,31.3,26.0,37.0,0.0,79.0,10.1,1010.8
10-Apr-24,30.9,25.0,36.0,0.0,91.0,10.0,1011.3
11-Apr-24,31.5,26.0,36.2,0.2,81.0,8.5,1011.2
12-Apr-24,31.0,27.0,37.0,10.5,78.0,12.7,1011.3
13-Apr-24,30.9,26.0,36.0,0.7,75.0,10.2,1011.6
14-Apr-24,31.6,26.0,37.0,1.9,75.0,9.9,1011.7
15-Apr-24,31.1,25.0,36.0,0.0,77.0,11.6,1012.2
16-Apr-24,31.3,26.0,37.0,0.0,77.0,8.0,1012.5
17-Apr-24,31.7,26.0,38.0,0.0,224.0,10.1,1011.5
18-Apr-24,30.9,26.0,37.0,0.0,219.0,13.1,1010.5
19-Apr-24,31.3,26.0,38.2,0.3,215.0,14.2,1008.1
20-Apr-24,31.0,27.0,37.0,0.1,214.0,13.7,1007.9
21-Apr-24,31.6,26.0,38.0,0.0,173.0,10.0,1008.3
22-Apr-24,31.9,26.0,39.0,0.0,202.0,10.7,1009.1
23-Apr-24,31.9,27.0,38.0,0.0,152.0,8.8,1008.1
24-Apr-24,31.8,26.0,38.0,0.0,166.0,8.7,1008.3
25-Apr-24,32.0,26.0,39.0,0.0,155.0,10.2,1008.1
26-Apr-24,32.4,27.0,39.0,0.0,165.0,8.6,1008.0
27-Apr-24,32.2,26.0,39.0,0.0,130.0,9.5,1008.3
28-Apr-24,32.4,26.6,39.0,0.0,98.0,7.5,1008.9
29-Apr-24,32.9,27.0,39.0,0.0,94.0,8.4,1009.6
30-Apr-24,32.1,27.0,39.0,0.0,218.0,11.1,1008.9
01-May-24,31.9,27.0,39.0,0.0,218.0,14.2,1008.0
02-May-24,32.5,27.0,39.0,0.0,221.0,14.7,1006.9
03-May-24,32.3,28.6,38.2,0.0,221.0,15.5,1008.0
04-May-24,31.3,27.6,37.4,0.9,228.0,12.3,1009.0
05-May-24,32.0,27.0,38.0,2.0,217.0,19.0,1007.6
06-May-24,31.7,26.8,38.0,0.0,222.0,18.1,1008.1
07-May-24,31.1,25.0,38.0,0.1,217.0,13.1,1009.6
08-May-24,31.5,27.0,37.2,3.8,205.0,11.7,1009.5
09-May-24,30.3,26.8,37.0,1.2,209.0,9.4,1008.6
10-May-24,28.9,24.0,36.0,4.4,291.0,9.6,1010.0
11-May-24,29.6,24.0,36.0,0.3,42.0,9.7,1010.5
12-May-24,29.1,24.0,36.0,8.0,111.0,8.4,1010.8
13-May-24,28.0,22.9,36.8,17.0,34.0,7.1,1010.0
14-May-24,27.7,24.4,34.0,0.5,337.0,8.7,1010.3
15-May-24,27.9,23.3,35.0,23.1,297.0,6.8,1010.5
16-May-24,28.3,24.4,35.7,5.1,229.0,5.6,1010.6
17-May-24,26.9,24.4,33.4,0.0,242.0,4.8,1009.6
18-May-24,26.9,23.6,33.9,40.9,230.0,5.9,1008.0
19-May-24,27.1,24.2,33.7,31.0,214.0,7.2,1006.4
20-May-24,26.3,24.4,32.8,0.8,231.0,10.0,1006.6
21-May-24,26.4,23.6,32.0,2.0,245.0,6.6,1005.9
22-May-24,27.3,23.4,34.0,40.9,6.0,8.3,1004.9
23-May-24,26.9,22.8,34.0,33.0,222.0,7.1,1004.4
24-May-24,25.8,23.6,31.2,3.0,218.0,11.1,1004.2
25-May-24,26.3,23.4,29.0,2.0,220.0,16.5,1005.4
26-May-24,27.5,24.5,32.0,0.0,226.0,19.5,1005.9
27-May-24,27.7,24.0,32.0,0.0,222.0,21.4,1006.5
28-May-24,27.2,25.0,31.0,0.0,225.0,17.6,1007.1
29-May-24,27.7,24.0,33.0,0.0,219.0,19.1,1006.4
30-May-24,28.0,25.0,33.0,0.0,220.0,16.5,1006.5
31-May-24,28.7,25.0,34.4,0.0,220.0,15.2,1007.1
01-Jun-24,28.4,26.0,32.0,0.2,214.0,15.7,1007.6
02-Jun-24,28.5,25.6,34.0,0.0,217.0,11.7,1008.5
03-Jun-24,27.9,24.6,34.6,1.0,208.0,9.9,1009.0
04-Jun-24,28.5,24.6,34.0,0.0,221.0,11.5,1009.6
05-Jun-24,28.7,25.6,33.0,1.0,220.0,13.5,1009.9
06-Jun-24,28.0,25.6,34.0,0.6,231.0,10.0,1010.6
07-Jun-24,27.8,24.0,34.4,1.0,225.0,14.9,1008.9
08-Jun-24,27.4,24.2,33.8,0.0,224.0,19.9,1009.0
09-Jun-24,27.4,23.0,33.7,5.1,225.0,20.4,1008.9
10-Jun-24,26.7,23.6,32.3,0.0,224.0,21.7,1009.7
11-Jun-24,27.2,24.0,32.0,0.1,220.0,22.5,1009.7
12-Jun-24,26.1,25.0,28.0,0.0,217.0,18.3,1011.0
13-Jun-24,27.3,24.0,33.0,0.2,225.0,16.8,1010.7
14-Jun-24,27.9,24.8,32.0,0.0,222.0,16.8,1009.3
15-Jun-24,28.3,24.0,33.2,0.0,226.0,19.2,1008.9
16-Jun-24,28.7,25.0,33.2,0.9,227.0,18.3,1008.8
17-Jun-24,28.8,24.8,34.0,0.1,220.0,16.4,1008.5
18-Jun-24,28.7,25.6,34.0,0.0,226.0,18.9,1008.8
19-Jun-24,27.6,24.6,33.2,0.3,221.0,19.4,1008.0
20-Jun-24,27.0,25.0,33.7,0.0,225.0,19.8,1008.2
21-Jun-24,26.2,24.0,30.0,0.0,221.0,17.9,1008.4
22-Jun-24,26.6,23.0,32.0,1.2,222.0,19.5,1006.5
23-Jun-24,26.3,24.0,30.0,8.3,227.0,22.6,1006.0
24-Jun-24,26.3,23.8,32.4,0.0,227.0,21.3,1005.7
25-Jun-24,25.9,23.0,31.0,14.0,226.0,20.9,1005.2
26-Jun-24,25.4,22.7,31.3,7.9,229.0,22.9,1006.5
27-Jun-24,26.2,23.0,31.0,4.1,228.0,22.3,1007.7
28-Jun-24,25.7,23.4,31.2,0.0,225.0,19.0,1008.6
29-Jun-24,27.4,23.6,31.0,0.0,222.0,19.3,1008.7
30-Jun-24,27.0,24.0,31.6,0.0,222.0,17.9,1009.6
01-Jul-24,25.7,24.0,29.2,0.0,222.0,17.1,1009.8
02-Jul-24,27.3,23.6,33.0,0.0,218.0,17.4,1008.1
03-Jul-24,27.8,24.4,32.0,0.8,225.0,17.2,1008.7
04-Jul-24,27.4,23.0,33.0,0.0,218.0,16.5,1009.3
05-Jul-24,27.9,24.6,33.0,0.7,222.0,17.9,1008.3
06-Jul-24,26.2,23.0,33.6,0.5,222.0,18.5,1007.6
07-Jul-24,25.7,22.8,32.0,1.0,216.0,16.7,1007.7
08-Jul-24,25.1,22.8,30.7,4.1,225.0,19.3,1007.7
09-Jul-24,26.4,22.4,31.2,0.0,222.0,17.3,1008.5
10-Jul-24,27.3,23.0,32.4,1.9,220.0,17.0,1010.5
11-Jul-24,27.0,24.0,31.8,0.0,222.0,16.1,1010.0
12-Jul-24,26.8,23.2,32.2,7.4,225.0,19.8,1008.5
13-Jul-24,25.8,23.0,30.0,1.1,220.0,19.5,1008.4
14-Jul-24,25.7,22.4,30.2,1.0,220.0,20.3,1006.7
15-Jul-24,25.1,23.6,31.4,1.0,224.0,18.2,1006.4
16-Jul-24,24.5,22.2,29.1,13.0,228.0,23.9,1006.8
17-Jul-24,25.6,24.0,30.0,3.0,226.0,21.8,1008.1
18-Jul-24,24.7,22.5,29.8,7.1,227.0,23.5,1008.4
19-Jul-24,26.5,22.5,29.0,1.0,237.0,26.9,1007.1
20-Jul-24,27.8,23.6,31.0,0.0,236.0,27.7,1007.0
21-Jul-24,27.8,22.6,32.0,0.0,237.0,27.0,1007.6
22-Jul-24,27.0,23.8,31.0,0.0,225.0,19.1,1009.9
23-Jul-24,27.3,23.2,32.4,0.0,227.0,20.9,1010.2
24-Jul-24,26.9,23.8,31.2,0.0,224.0,21.4,1008.8
25-Jul-24,25.2,21.6,32.6,8.9,227.0,21.1,1007.3
26-Jul-24,27.7,22.6,32.0,0.8,236.0,23.1,1007.4
27-Jul-24,28.0,23.8,33.4,0.0,236.0,16.9,1008.1
28-Jul-24,27.4,24.0,34.1,0.0,233.0,20.8,1006.4
29-Jul-24,26.0,23.8,29.0,2.2,226.0,21.5,1006.2
30-Jul-24,24.9,22.6,29.0,10.9,222.0,19.9,1009.0
31-Jul-24,24.9,22.4,29.6,0.0,220.0,15.3,1010.2
01-Aug-24,26.1,22.5,30.0,0.5,226.0,18.5,1010.1
02-Aug-24,25.6,22.8,31.2,0.8,219.0,19.0,1009.9
03-Aug-24,26.5,21.6,32.0,0.5,216.0,16.8,1010.8
04-Aug-24,26.6,23.4,32.0,0.0,223.0,15.0,1011.0
05-Aug-24,26.8,23.8,31.0,5.0,219.0,15.4,1010.3
06-Aug-24,26.4,23.4,32.0,0.0,221.0,15.6,1009.5
07-Aug-24,26.6,22.6,30.6,0.0,213.0,13.0,1009.8
08-Aug-24,25.6,23.8,29.0,2.8,216.0,15.6,1011.0
09-Aug-24,26.3,23.0,31.2,6.6,223.0,16.2,1010.8
10-Aug-24,27.1,24.6,32.0,6.0,220.0,16.0,1010.4
11-Aug-24,27.0,24.4,33.2,20.4,218.0,15.7,1008.0
12-Aug-24,28.3,24.0,34.0,12.5,137.0,8.3,1008.4
13-Aug-24,28.5,24.0,34.6,1.0,129.0,9.6,1007.4
14-Aug-24,27.8,24.2,35.0,2.0,230.0,9.8,1007.0
15-Aug-24,27.7,23.6,33.2,6.1,219.0,10.3,1006.5
16-Aug-24,28.4,24.3,34.0,0.0,218.0,12.9,1005.7
17-Aug-24,27.3,24.6,34.2,0.0,227.0,17.8,1006.7
18-Aug-24,28.3,23.6,33.0,0.6,228.0,11.1,1007.9
19-Aug-24,27.7,23.2,33.4,0.6,226.0,15.2,1007.2
20-Aug-24,28.5,22.3,33.0,6.0,225.0,11.8,1007.4
21-Aug-24,26.9,23.6,34.0,0.5,237.0,16.6,1009.4
22-Aug-24,26.9,24.6,31.8,0.0,224.0,20.6,1010.4
23-Aug-24,27.5,23.6,33.0,0.0,223.0,18.5,1010.9
24-Aug-24,27.2,24.8,31.0,0.0,228.0,20.6,1011.9
25-Aug-24,26.9,22.0,32.0,0.0,230.0,20.8,1010.6
26-Aug-24,27.0,24.0,32.6,0.0,225.0,23.2,1009.3
27-Aug-24,27.1,21.6,33.0,0.0,227.0,24.6,1010.2
28-Aug-24,26.8,21.933333333333334,32.8,0.0,227.0,23.24,1010.175
29-Aug-24,26.5,22.26666666666667,32.6,0.0,227.0,21.880000000000003,1010.15
30-Aug-24,26.2,22.6,32.4,0.0,227.0,20.520000000000003,1010.125
31-Aug-24,26.3,22.8,31.3,0.0,227.0,19.16,1010.1
01-Sep-24,26.4,23.0,30.2,0.0,219.0,17.8,1010.075
02-Sep-24,26.75,23.2,31.6,0.0,219.0,19.0,1010.05
03-Sep-24,27.1,23.4,33.0,0.5,219.0,20.2,1010.025
04-Sep-24,27.3,23.2,34.0,0.0,221.0,21.4,1010.0
05-Sep-24,27.7,24.0,33.2,0.0,221.0,19.0,1008.8
06-Sep-24,27.3,22.8,33.0,0.0,223.0,19.6,1009.5
07-Sep-24,27.3,24.0,31.6,0.0,219.0,18.2,1010.5
08-Sep-24,26.7,21.4,32.0,0.0,224.0,20.9,1010.6
09-Sep-24,27.2,23.8,33.0,0.0,222.0,23.7,1008.8
10-Sep-24,28.0,23.4,34.0,0.0,231.0,21.9,1008.4
11-Sep-24,27.3,24.0,31.0,0.0,227.0,19.6,1009.9
12-Sep-24,27.9,23.6,34.0,0.0,223.0,20.1,1010.7
13-Sep-24,27.9,22.1,34.0,0.1,219.0,16.0,1010.7
14-Sep-24,27.3,24.0,32.0,1.8,220.0,19.8,1010.7
15-Sep-24,27.7,23.0,34.0,0.0,218.0,15.9,1010.8
16-Sep-24,27.6,24.0,33.0,0.3,222.0,16.4,1011.0
17-Sep-24,27.9,24.0,33.0,0.5,215.0,16.1,1010.7
18-Sep-24,27.7,23.0,34.0,0.2,213.0,17.0,1009.5
19-Sep-24,27.6,23.0,33.0,0.9,220.0,17.6,1009.6
20-Sep-24,27.4,24.0,33.0,0.5,220.0,18.8,1010.0
21-Sep-24,27.5,23.0,33.0,0.1,222.0,17.0,1010.0
22-Sep-24,27.6,23.0,34.0,0.2,220.0,17.5,1009.2
23-Sep-24,27.6,21.8,33.0,0.2,224.0,22.3,1008.6
24-Sep-24,26.6,22.0,32.0,0.0,222.0,21.1,1008.3
25-Sep-24,27.5,24.0,33.0,0.0,222.0,20.8,1008.4
26-Sep-24,27.1,24.0,32.0,0.6,215.0,20.8,1009.1
27-Sep-24,27.9,24.0,33.0,0.0,219.0,16.3,1010.9
28-Sep-24,27.9,24.0,34.0,7.0,210.0,10.6,1011.6
29-Sep-24,29.1,23.2,34.8,5.1,44.0,8.8,1012.3
30-Sep-24,28.9,23.6,33.5,0.0,46.0,9.7,1012.2
01-Oct-24,28.9,24.0,34.0,0.2,31.0,7.8,1011.1
02-Oct-24,28.8,23.6,36.0,2.0,219.0,9.8,1011.5
03-Oct-24,29.2,24.8,35.8,1.0,219.0,14.4,1011.7
04-Oct-24,29.0,24.3,34.4,0.0,224.0,13.5,1011.4
05-Oct-24,27.7,25.0,33.0,7.1,236.0,7.9,1012.1
06-Oct-24,26.7,24.0,33.6,0.5,230.0,8.6,1012.0
07-Oct-24,26.9,22.8,33.0,4.1,220.0,11.5,1012.7
08-Oct-24,26.5,23.1,33.4,9.9,106.0,6.8,1013.2
09-Oct-24,25.7,22.6,32.2,9.9,61.0,8.6,1011.6
10-Oct-24,26.6,22.2,31.0,7.1,221.0,13.0,1010.3
11-Oct-24,26.6,22.8,32.0,0.0,250.0,9.6,1010.2
12-Oct-24,25.6,22.6,32.2,7.9,216.0,9.1,1011.0
13-Oct-24,24.8,22.0,30.0,9.9,233.0,8.2,1011.6
14-Oct-24,24.6,21.6,30.4,58.9,214.0,7.4,1011.6
15-Oct-24,25.1,22.0,29.0,23.1,214.0,7.5,1011.4
16-Oct-24,24.9,22.8,29.4,0.0,220.0,11.0,1010.9
17-Oct-24,26.3,22.2,30.0,5.1,225.0,13.9,1010.5
18-Oct-24,27.3,23.0,32.0,0.0,225.0,13.5,1010.8
19-Oct-24,26.7,24.0,32.0,0.6,217.0,8.0,1012.3
20-Oct-24,27.0,23.0,32.0,7.1,204.0,8.3,1012.8
21-Oct-24,26.4,23.3,32.9,7.1,253.0,5.7,1013.2
22-Oct-24,26.2,23.0,31.0,0.0,93.0,7.2,1013.3
23-Oct-24,26.5,21.0,32.0,87.9,274.0,8.4,1012.6
24-Oct-24,26.1,22.1,32.3,27.9,238.0,8.0,1012.4
25-Oct-24,25.7,23.0,32.0,1.0,245.0,6.9,1012.9
26-Oct-24,26.5,21.6,32.4,10.9,231.0,7.7,1012.3
27-Oct-24,27.1,22.5,32.3,0.0,220.0,9.0,1011.4
28-Oct-24,27.4,24.0,32.0,0.0,221.0,12.8,1010.8
29-Oct-24,27.1,24.0,31.0,0.0,216.0,10.6,1011.8
30-Oct-24,27.6,24.0,32.0,0.2,216.0,7.3,1012.1
31-Oct-24,27.7,24.0,33.0,0.0,74.0,6.5,1012.8
01-Nov-24,25.0,22.5,33.8,45.0,326.0,7.0,1014.2
02-Nov-24,26.9,22.6,32.0,25.9,53.0,7.6,1014.4
03-Nov-24,27.2,22.4,32.0,0.0,37.0,8.8,1014.3
04-Nov-24,25.9,23.0,31.5,0.0,5.0,7.6,1013.5
05-Nov-24,26.1,22.2,30.2,31.0,47.0,6.5,1014.0
06-Nov-24,27.0,22.6,32.0,0.0,57.0,5.0,1013.8
07-Nov-24,26.6,24.0,30.0,4.2,87.0,7.0,1013.8
08-Nov-24,27.5,25.0,31.0,0.9,73.0,7.4,1013.7
09-Nov-24,27.3,24.0,32.0,0.3,41.0,9.0,1013.8
10-Nov-24,27.1,24.0,32.0,0.0,59.0,9.0,1013.5
11-Nov-24,27.3,24.0,32.0,0.0,77.0,6.6,1012.5
12-Nov-24,27.3,23.0,32.0,0.5,130.0,6.9,1011.7
13-Nov-24,25.5,23.4,32.0,0.5,55.0,8.7,1011.4
14-Nov-24,25.6,23.0,30.0,1.0,48.0,7.4,1013.0
15-Nov-24,25.7,22.6,31.2,18.0,50.0,9.3,1013.5
16-Nov-24,24.9,23.2,30.7,0.0,42.0,9.2,1013.0
17-Nov-24,25.9,23.0,30.0,3.0,59.0,10.3,1012.6
18-Nov-24,25.9,23.0,30.0,0.6,78.0,10.6,1013.2
19-Nov-24,26.2,23.0,30.0,1.7,79.0,9.1,1013.9
20-Nov-24,25.3,23.0,28.0,0.0,75.0,7.8,1013.8
21-Nov-24,23.7,23.0,29.0,0.0,73.0,7.2,1013.8
22-Nov-24,25.9,23.0,30.0,0.2,88.0,7.4,1013.4
23-Nov-24,26.0,22.0,31.0,0.0,63.0,6.8,1014.0
24-Nov-24,26.2,23.0,31.0,0.4,69.0,6.6,1014.0
25-Nov-24,25.8,23.0,30.0,0.0,67.0,7.7,1013.0
26-Nov-24,24.9,23.0,28.0,17.8,81.0,6.5,1012.2
27-Nov-24,24.6,22.0,28.8,0.0,89.0,7.1,1011.3
28-Nov-24,25.9,20.8,31.0,0.0,91.0,9.7,1010.4
29-Nov-24,24.6,21.0,30.0,2.1,85.0,8.5,1010.4
30-Nov-24,25.7,23.0,30.6,0.0,212.0,7.1,1009.3
01-Dec-24,25.0,22.2,27.0,13.7,224.0,6.6,1007.8
02-Dec-24,25.0,23.0,29.0,5.1,223.0,16.0,1008.0
03-Dec-24,26.2,21.4,31.0,4.1,211.0,12.7,1010.8
04-Dec-24,25.9,23.6,31.8,0.8,53.0,10.6,1012.7
05-Dec-24,26.4,24.0,30.4,0.0,67.0,8.9,1013.5
06-Dec-24,26.7,23.0,31.0,0.0,68.0,8.1,1013.5
07-Dec-24,26.3,21.5,31.0,6.6,62.0,9.2,1012.7
08-Dec-24,25.0,21.5,29.9,0.3,62.0,10.8,1011.4
09-Dec-24,25.0,20.9,29.9,0.2,71.0,10.6,1011.1
10-Dec-24,24.633333333333333,21.175,30.0,0.0,71.0,11.6,1011.275
11-Dec-24,24.266666666666666,21.45,30.1,0.0,71.0,12.6,1011.45
12-Dec-24,23.9,21.725,30.2,0.8,71.0,13.6,1011.625
13-Dec-24,23.2,22.0,25.0,7.1,42.0,14.6,1011.8
14-Dec-24,23.5,22.0,26.0,10.9,83.0,8.7,1014.8
15-Dec-24,23.9,19.2,29.0,0.0,54.0,10.6,1015.5
16-Dec-24,23.9,18.8,29.0,0.0,73.0,10.0,1014.4
17-Dec-24,25.0,19.0,31.0,0.0,60.0,4.5,1013.0
18-Dec-24,26.4,21.0,32.0,0.0,217.0,6.4,1011.8
19-Dec-24,27.4,23.0,33.0,0.1,204.0,5.9,1011.7
20-Dec-24,27.3,23.0,33.0,0.1,207.0,9.0,1011.4
21-Dec-24,27.0,24.0,32.0,0.0,225.0,12.0,1012.2
22-Dec-24,25.7,23.0,30.0,0.1,214.0,7.7,1013.0
23-Dec-24,26.0,21.0,32.0,0.0,223.0,7.3,1012.8
24-Dec-24,25.8,21.0,31.0,0.0,227.0,7.8,1013.0
25-Dec-24,25.8,21.0,32.0,0.0,218.0,7.2,1013.9
26-Dec-24,26.1,23.0,30.0,12.3,68.0,6.5,1015.3
27-Dec-24,25.6,23.0,29.0,14.5,57.0,11.3,1016.8
28-Dec-24,25.8,20.4,30.2,0.0,72.0,9.7,1016.8
29-Dec-24,26.1,22.0,31.0,1.5,74.0,9.8,1016.0
30-Dec-24,26.0,24.0,29.0,10.2,63.0,12.8,1016.0
31-Dec-24,26.5,22.0,31.0,0.3,71.0,13.1,1016.4
01-Jan-25,24.8,21.1,29.9,4.2,67.5,8.3,1015.2
02-Jan-25,25.8,21.3,29.0,3.9,56.7,7.5,1014.8
03-Jan-25,25.1,19.8,28.3,0.6,40.5,6.9,1014.8
04-Jan-25,24.1,20.7,30.5,2.2,43.9,8.1,1012.8
05-Jan-25,24.9,20.7,28.8,3.2,53.6,6.5,1014.1
06-Jan-25,24.9,22.5,30.2,1.5,41.1,9.3,1013.4
07-Jan-25,25.5,20.4,28.9,23.2,61.4,9.9,1014.1
08-Jan-25,24.8,22.0,28.7,0.1,49.6,7.3,1014.8
09-Jan-25,24.6,20.4,30.1,0.3,51.3,7.0,1014.5
10-Jan-25,25.0,20.7,28.8,8.8,51.4,8.1,1014.9
11-Jan-25,24.1,20.2,29.1,0.0,30.1,7.9,1015.2
12-Jan-25,24.7,20.4,30.6,0.4,41.4,8.6,1014.8
13-Jan-25,24.5,21.0,28.2,0.0,48.6,7.5,1013.3
14-Jan-25,24.7,18.6,30.1,1.6,34.9,8.5,1012.8
15-Jan-25,23.8,19.6,31.2,0.2,50.4,5.7,1013.6
16-Jan-25,25.0,20.7,29.7,0.4,44.1,6.1,1012.0
17-Jan-25,25.2,20.7,31.2,0.0,48.7,6.8,1013.3
18-Jan-25,24.4,18.9,30.6,0.1,60.5,11.0,1014.3
19-Jan-25,25.2,20.4,28.7,0.2,54.6,8.0,1016.0
20-Jan-25,25.6,20.6,31.2,0.0,43.9,8.2,1014.7
21-Jan-25,26.4,19.8,32.9,0.1,27.8,8.0,1015.8
22-Jan-25,25.3,20.6,31.6,0.6,52.6,5.8,1013.7
23-Jan-25,25.1,21.9,31.1,2.9,95.5,8.5,1013.1
24-Jan-25,26.0,20.0,32.0,0.0,89.5,6.5,1013.4
25-Jan-25,24.9,20.7,30.2,0.0,43.6,8.4,1014.0
26-Jan-25,25.1,20.0,30.6,0.0,68.1,7.9,1013.2
27-Jan-25,26.3,20.0,30.2,0.0,70.2,6.9,1014.5
28-Jan-25,26.1,19.6,32.2,0.3,63.3,9.9,1015.6
29-Jan-25,25.6,20.0,30.5,0.1,43.1,8.4,1014.5
30-Jan-25,26.2,21.7,32.1,1.5,78.8,6.8,1015.9
31-Jan-25,26.9,21.4,31.4,0.2,61.2,7.0,1013.8
01-Feb-25,26.8,21.0,31.8,0.0,28.5,8.6,1014.1
02-Feb-25,26.4,20.4,32.4,0.2,66.0,7.9,1014.2
03-Feb-25,25.9,20.7,32.0,0.5,67.7,10.2,1015.1
04-Feb-25,25.2,20.3,32.6,0.6,71.4,9.6,1017.0
05-Feb-25,26.5,21.2,33.2,0.0,72.5,7.7,1014.3
06-Feb-25,25.7,19.9,32.2,0.1,63.8,11.1,1012.6
07-Feb-25,26.9,19.0,32.7,0.0,83.9,7.5,1013.3
08-Feb-25,26.0,20.6,32.9,0.0,64.2,8.2,1013.5
09-Feb-25,27.3,20.7,30.8,0.0,65.4,8.0,1014.8
10-Feb-25,25.2,19.9,32.4,0.0,77.0,8.1,1014.2
11-Feb-25,25.6,19.6,33.5,0.0,65.5,8.9,1015.2
12-Feb-25,27.2,20.9,30.9,0.0,51.3,10.5,1014.2
13-Feb-25,26.8,20.9,31.6,0.0,63.9,4.9,1013.4
14-Feb-25,26.4,19.8,34.6,0.0,42.6,7.2,1013.8
15-Feb-25,27.7,19.8,34.2,0.0,72.9,7.2,1013.5
16-Feb-25,26.8,20.3,34.1,0.7,62.0,9.2,1013.6
17-Feb-25,27.7,19.6,34.9,0.5,34.9,8.6,1013.3
18-Feb-25,26.7,20.1,32.9,0.3,60.6,8.7,1013.9
19-Feb-25,27.1,20.8,33.4,0.0,75.4,10.9,1014.3
20-Feb-25,26.5,21.6,33.5,1.7,77.9,9.5,1013.6
21-Feb-25,28.0,21.4,33.9,0.8,42.0,8.4,1014.2
22-Feb-25,28.2,22.7,34.9,0.3,76.1,10.9,1013.4
23-Feb-25,27.8,21.5,34.3,0.1,79.7,9.8,1015.5
24-Feb-25,26.9,20.8,34.8,0.0,86.4,9.9,1014.2
25-Feb-25,28.0,21.6,33.9,0.0,55.4,10.7,1013.3
26-Feb-25,26.8,21.0,34.6,0.0,60.1,9.3,1013.8
27-Feb-25,27.8,21.4,33.2,0.1,68.9,8.4,1012.5
28-Feb-25,27.2,21.3,34.6,1.4,87.2,12.0,1013.1
01-Mar-25,28.0,21.4,34.1,0.1,59.1,11.1,1013.2
02-Mar-25,28.1,22.4,33.8,0.0,68.1,12.1,1013.8
03-Mar-25,27.8,20.7,34.2,0.0,40.1,10.8,1014.5
04-Mar-25,28.4,21.8,36.7,0.0,48.5,11.2,1013.8
05-Mar-25,29.6,21.3,34.3,0.0,54.4,6.1,1012.9
06-Mar-25,28.0,22.2,35.7,0.0,109.5,10.4,1012.5
07-Mar-25,27.5,22.7,34.0,0.1,120.7,10.4,1012.4
08-Mar-25,27.6,23.9,34.8,0.0,94.6,7.6,1012.3
09-Mar-25,28.8,22.4,34.8,0.0,110.5,7.3,1012.5
10-Mar-25,28.7,23.2,35.6,0.7,65.6,6.8,1013.2
11-Mar-25,28.9,22.4,36.5,0.7,65.5,9.8,1012.6
12-Mar-25,29.8,23.3,35.0,0.0,79.2,10.2,1014.1
13-Mar-25,28.3,22.5,36.1,0.0,33.8,8.3,1011.4
14-Mar-25,29.0,23.1,37.1,0.0,60.4,10.8,1011.1
15-Mar-25,28.0,22.9,36.3,0.0,67.4,6.8,1011.4
16-Mar-25,28.3,23.8,36.2,0.0,107.5,8.3,1010.0
17-Mar-25,29.3,24.4,35.1,0.0,73.9,8.1,1010.6
18-Mar-25,28.9,22.7,35.6,2.0,42.7,12.8,1011.5
19-Mar-25,28.6,23.7,35.9,0.0,101.8,11.1,1011.7
20-Mar-25,28.8,23.1,35.6,0.2,75.3,8.6,1011.6
21-Mar-25,30.2,23.0,36.7,0.0,136.4,14.0,1011.1
22-Mar-25,29.0,23.0,34.6,1.0,110.0,8.0,1009.5
23-Mar-25,28.7,22.9,37.7,0.1,121.3,8.9,1011.7
24-Mar-25,29.0,23.2,37.5,0.0,114.7,7.0,1010.5
25-Mar-25,28.9,23.1,36.8,0.4,122.4,6.4,1011.3
26-Mar-25,29.0,23.2,35.5,0.2,85.1,8.8,1010.3
27-Mar-25,29.7,24.2,36.0,0.8,75.5,7.2,1011.7
28-Mar-25,30.1,23.0,36.0,0.0,119.9,6.4,1011.7
29-Mar-25,29.4,25.1,35.7,0.2,3.7,6.9,1011.1
30-Mar-25,30.1,23.9,37.0,0.0,158.7,8.3,1009.6
31-Mar-25,29.5,24.6,36.3,0.0,174.5,11.7,1009.9
01-Apr-25,30.4,23.3,37.6,0.1,242.6,7.8,1010.2
02-Apr-25,29.9,24.0,37.5,0.3,177.3,11.4,1010.4
03-Apr-25,30.6,24.8,37.2,0.2,189.6,9.5,1009.5
04-Apr-25,30.0,24.7,37.2,0.1,217.2,10.4,1010.2
05-Apr-25,31.0,24.4,35.3,0.2,80.1,6.5,1010.6
06-Apr-25,30.2,26.3,37.6,0.1,123.9,10.4,1009.5
07-Apr-25,30.6,25.1,35.7,0.0,114.0,9.8,1011.0
08-Apr-25,29.6,25.9,37.3,1.9,126.7,8.7,1010.6
09-Apr-25,30.1,23.9,36.5,0.7,115.6,9.3,1011.4
10-Apr-25,30.3,24.2,35.7,1.6,54.6,8.9,1011.5
11-Apr-25,29.6,23.1,35.9,0.1,109.0,9.6,1013.1
12-Apr-25,28.9,23.7,34.0,2.0,71.0,9.8,1011.4
13-Apr-25,29.6,23.6,38.3,5.7,62.8,9.3,1011.6
14-Apr-25,29.7,24.3,35.2,4.6,54.8,11.0,1012.0
15-Apr-25,30.5,23.2,35.7,3.8,89.0,9.3,1011.8
16-Apr-25,29.0,25.1,36.5,0.0,128.7,8.2,1009.2
17-Apr-25,30.5,25.0,35.8,0.4,147.9,9.2,1011.9
18-Apr-25,29.9,23.7,36.9,1.2,186.7,6.7,1011.1
19-Apr-25,29.9,25.4,38.2,0.2,222.2,10.2,1009.6
20-Apr-25,31.3,24.6,37.1,3.1,194.2,11.4,1009.0
21-Apr-25,29.8,25.1,36.4,0.1,166.0,10.0,1009.1
22-Apr-25,30.0,26.6,34.2,0.3,177.3,11.0,1007.7
23-Apr-25,29.2,24.7,35.6,3.5,173.0,8.2,1011.3
24-Apr-25,30.4,25.7,36.9,1.5,120.7,7.8,1009.8
25-Apr-25,29.0,25.4,36.6,1.7,126.7,9.4,1009.7
26-Apr-25,30.3,25.9,35.9,1.4,139.9,10.4,1008.9
27-Apr-25,30.4,24.4,37.6,0.1,113.9,8.2,1010.2
28-Apr-25,30.1,24.1,35.6,0.0,143.5,7.8,1011.5
29-Apr-25,28.8,26.6,37.4,3.5,103.2,9.9,1009.9
30-Apr-25,29.2,25.1,36.8,8.8,97.2,11.8,1009.3
01-May-25,29.6,23.7,34.9,1.7,283.7,9.9,1009.0
02-May-25,29.5,24.9,35.5,1.6,33.7,10.7,1008.3
03-May-25,29.8,24.0,37.4,2.8,183.4,11.2,1009.9
04-May-25,30.7,25.6,34.5,4.6,213.3,8.6,1009.3
